person,current,year_start,year_end,num_seasons_total,num_seasons_writer,num_seasons_headwriter,num_seasons_actor,num_seasons_rep,num_seasons_featured,num_seasons_middle,num_seasons_weekend_update,num_episodes_weekend_updates,best_of,num_episodes_hosted,imdb_link,num_episodes_writer,num_episodes_actor
Seth Meyers,False,2001,2014,13,9,9,13,11,2,0,8,154,0,1,https://www.imdb.com/name/nm1024878/?ref_=fn_nm_nm_1,189,253
Colin Jost,True,2005,2022,18,18,8,9,7,2,0,9,151,0,0,https://www.imdb.com/name/nm1906042/?ref_=fn_nm_nm_1,340,181
Michael Che,True,2013,2022,10,10,6,9,7,2,0,9,143,0,0,https://www.imdb.com/name/nm3846408/?ref_=fn_nm_nm_1,189,164
Tina Fey,False,1997,2006,9,9,7,6,5,1,0,6,117,0,6,https://www.imdb.com/name/nm0275486/?ref_=fn_nm_nm_1,175,142
Dennis Miller,False,1985,1991,6,0,0,6,6,0,0,6,111,0,0,https://www.imdb.com/name/nm0588222/?ref_=fn_nm_nm_1,0,111
Jimmy Fallon,False,1998,2004,6,0,0,6,5,1,0,4,80,1,3,https://www.imdb.com/name/nm0266422/?ref_=fn_nm_nm_0,0,126
Amy Poehler,False,2001,2008,8,0,0,8,8,0,0,5,80,1,2,https://www.imdb.com/name/nm0688132/?ref_=fn_nm_nm_0,0,146
Jane Curtin,False,1975,1980,5,0,0,5,5,0,0,4,78,0,0,https://www.imdb.com/name/nm0004852/?ref_=fn_nm_nm_1,0,104
Norm MacDonald,False,1993,1998,5,1,0,5,4,1,0,4,69,0,1,https://www.imdb.com/name/nm0005172/?ref_=fn_nm_nm_0,20,94
Kevin Nealon,False,1986,1995,9,1,0,9,8,1,0,3,60,0,0,https://www.imdb.com/name/nm0005265/?ref_=fn_nm_nm_0,20,170
Colin Quinn,False,1995,2000,5,2,0,5,3,2,0,3,50,0,0,https://www.imdb.com/name/nm0703800/?ref_=fn_nm_nm_0,40,86
Bill Murray,False,1976,1980,4,1,0,4,4,0,0,0,40,0,5,https://www.imdb.com/name/nm0000195/?ref_=fn_nm_nm_0,12,75
Chevy Chase,False,1975,1977,2,2,0,2,2,0,0,2,32,1,8,https://www.imdb.com/name/nm0000331/?ref_=fn_nm_nm_0,33,36
Brad Hall,False,1982,1984,2,0,0,2,2,0,0,2,28,0,0,https://www.imdb.com/name/nm0355357/?ref_=fn_nm_nm_1,0,40
Cecily Strong,True,2012,2023,11,0,0,11,10,1,0,1,21,0,0,https://www.imdb.com/name/nm5198446/?ref_=fn_nm_nm_1,0,202
Dan Aykroyd,False,1975,1979,4,3,0,4,4,0,0,1,20,1,1,https://www.imdb.com/name/nm0000101/?ref_=fn_nm_nm_0,63,97
Brian Doyle-Murray,False,1977,1982,5,5,0,2,2,0,0,1,20,0,0,https://www.imdb.com/name/nm0236519/?ref_=fn_nm_nm_1,79,52
Charles Rocket,False,1980,1981,1,0,0,1,1,0,0,1,12,0,0,https://www.imdb.com/name/nm0734236/?ref_=fn_nm_nm_1,0,12
Christopher Guest,False,1984,1985,1,1,0,1,1,0,0,1,10,0,0,https://www.imdb.com/name/nm0001302/?ref_=fn_nm_nm_0,18,19
Mary Gross,False,1981,1985,4,1,0,4,4,0,0,1,7,0,0,https://www.imdb.com/name/nm0343444/?ref_=fn_nm_nm_0,19,73
Christine Ebersole,False,1981,1982,1,0,0,1,1,0,0,1,6,0,0,https://www.imdb.com/name/nm0002056/?ref_=fn_nm_nm_0,0,18
Gail Matthius,False,1980,1981,1,0,0,1,1,0,0,1,6,0,0,https://www.imdb.com/name/nm0560257/?ref_=fn_nm_nm_0,0,13
Billy Crystal,False,1984,1985,1,1,0,1,1,0,0,2,3,0,3,https://www.imdb.com/name/nm0000345/?ref_=fn_nm_nm_1,17,19
Horatio Sanz,False,1998,2006,8,0,0,8,7,1,0,1,2,0,0,https://www.imdb.com/name/nm0764445/?ref_=fn_nm_nm_0,0,159
Joe Piscopo,False,1980,1984,4,2,0,4,4,0,0,1,1,0,0,https://www.imdb.com/name/nm0685472/?ref_=fn_nm_nm_1,38,68
Garrett Morris,False,1975,1980,5,0,0,5,5,0,0,0,0,0,0,https://www.imdb.com/name/nm0606541/?ref_=fn_nm_nm_0,1,99
Fred Wolf,False,1991,1996,5,4,1,2,0,2,0,0,0,0,0,https://www.imdb.com/name/nm0937748/?ref_=fn_nm_nm_0,96,19
James Downey (I),False,1976,2014,29,29,9,1,0,1,0,0,0,0,0,https://www.imdb.com/name/nm0235999/?ref_=fn_al_nm_0,559,89
Tom Davis (I),False,1975,2003,15,15,0,3,0,3,0,0,0,0,0,https://www.imdb.com/name/nm0205569/?ref_=fn_nm_nm_1,279,156
Al Franken,False,1977,1995,15,15,0,11,0,11,0,0,0,0,0,https://www.imdb.com/name/nm0291253/?ref_=fn_nm_nm_0,301,118
Tom Schiller,False,1975,1990,7,7,0,1,0,1,0,0,0,0,0,https://www.imdb.com/name/nm0771680/?ref_=fn_nm_nm_0,145,71
A. Whitney Brown,False,1985,1991,6,6,0,6,0,6,0,0,0,0,0,https://www.imdb.com/name/nm0112944/?ref_=fn_nm_nm_1,111,43
Michael O'Donoghue,False,1975,1982,6,6,5,1,1,0,0,0,0,0,0,https://www.imdb.com/name/nm0640874/?ref_=fn_nm_nm_1,94,35
Mikey Day,True,2013,2023,10,4,0,7,5,2,0,0,0,0,0,https://www.imdb.com/name/nm1510062/?ref_=fn_nm_nm_1,63,123
Phil Hartman,False,1986,1994,8,3,0,8,8,0,0,0,0,1,2,https://www.imdb.com/name/nm0367005/?ref_=fn_nm_nm_0,0,152
Jim Belushi,False,1983,1985,2,2,0,2,2,0,0,0,0,0,0,https://www.imdb.com/name/nm0000902/?ref_=fn_nm_nm_1,33,33
Andrew Dismukes,True,2017,2023,5,3,0,3,0,3,0,0,0,0,0,https://www.imdb.com/name/nm8608160/?ref_=fn_nm_nm_0,64,40
Robin Duke,False,1981,1984,4,2,0,4,4,0,0,0,0,0,0,https://www.imdb.com/name/nm0241208/?ref_=fn_nm_nm_1,39,59
Leslie Jones,False,2013,2019,6,2,0,5,3,2,0,0,0,0,0,https://www.imdb.com/name/nm0428656/?ref_=fn_nm_nm_1,32,105
Peter Aykroyd,False,1979,1980,1,1,0,1,0,1,0,0,0,0,0,https://www.imdb.com/name/nm0043839/?ref_=fn_nm_nm_1,20,16
John Belushi,False,1975,1979,4,1,0,4,4,0,0,0,0,1,0,https://www.imdb.com/name/nm0000004/?ref_=fn_nm_nm_1,23,83
Rich Hall,False,1984,1985,1,1,0,1,1,0,0,0,0,0,0,https://www.imdb.com/name/nm0356025/?ref_=fn_nm_nm_1,18,16
Fred Armisen,False,2002,2013,11,0,0,11,9,2,0,0,0,0,1,https://www.imdb.com/name/nm0035488/?ref_=fn_nm_nm_0,0,237
Morwenna Banks,False,1995,1995,1,0,0,1,1,0,0,0,0,0,0,https://www.imdb.com/name/nm0052218/?ref_=fn_nm_nm_1,0,3
Vanessa Bayer,False,2010,2017,7,0,0,7,5,2,0,0,0,0,0,https://www.imdb.com/name/nm3364779/?ref_=fn_nm_nm_0,0,149
Beck Bennett,False,2013,2021,8,0,0,8,6,2,0,0,0,0,0,https://www.imdb.com/name/nm3080722/?ref_=fn_nm_nm_0,0,164
Jim Breuer,False,1995,1998,3,0,0,3,3,0,0,0,0,0,0,https://www.imdb.com/name/nm0108028/?ref_=fn_nm_nm_1,0,57
Paul Brittain,False,2010,2012,2,0,0,2,0,2,0,0,0,0,0,https://www.imdb.com/name/nm4204968/?ref_=fn_nm_nm_0,0,34
Aidy Bryant,False,2012,2022,10,0,0,10,9,1,0,0,0,0,0,https://www.imdb.com/name/nm5262775/?ref_=fn_nm_nm_1,0,203
Beth Cahill,False,1991,1992,1,0,0,1,0,1,0,0,0,0,0,https://www.imdb.com/name/nm0128639/?ref_=fn_nm_nm_1,0,13
Dana Carvey,False,1986,1993,7,0,0,7,7,0,0,0,0,1,4,https://www.imdb.com/name/nm0001022/?ref_=fn_nm_nm_0,0,130
Ellen Cleghorne,False,1991,1995,4,0,0,4,2,0,2,0,0,0,0,https://www.imdb.com/name/nm0165971/?ref_=fn_nm_nm_0,0,77
George Coe,False,1975,1975,1,0,0,1,1,0,0,0,0,0,0,https://www.imdb.com/name/nm0168642/?ref_=fn_nm_nm_1,0,10
Joan Cusack,False,1985,1986,1,0,0,1,1,0,0,0,0,0,0,https://www.imdb.com/name/nm0000349/?ref_=fn_nm_nm_1,0,17
Pete Davidson,False,2014,2022,8,0,0,8,6,2,0,0,0,0,0,https://www.imdb.com/name/nm0203457/?ref_=fn_nm_nm_1,0,160
Denny Dillon,False,1980,1981,1,0,0,1,1,0,0,0,0,0,0,https://www.imdb.com/name/nm0226986/?ref_=fn_nm_nm_0,0,13
Robert Downey Jr.,False,1985,1986,1,0,0,1,1,0,0,0,0,0,1,https://www.imdb.com/name/nm0000375/?ref_=fn_nm_nm_1,0,16
Rachel Dratch,False,1999,2006,7,0,0,7,5,2,0,0,0,0,0,https://www.imdb.com/name/nm0237222/?ref_=fn_nm_nm_0,0,145
Nora Dunn,False,1985,1990,5,0,0,5,5,0,0,0,0,0,0,https://www.imdb.com/name/nm0004887/?ref_=fn_nm_nm_1,0,88
Dean Edwards,False,2001,2003,2,0,0,2,0,2,0,0,0,0,0,https://www.imdb.com/name/nm0249931/?ref_=fn_nm_nm_1,0,40
Abby Elliott,False,2008,2012,4,0,0,4,2,2,0,0,0,0,0,https://www.imdb.com/name/nm2212031/?ref_=fn_nm_nm_0,0,81
Chris Elliott,False,1994,1995,1,0,0,1,1,0,0,0,0,0,0,https://www.imdb.com/name/nm0254402/?ref_=fn_nm_nm_0,0,19
Siobhan Fallon Hogan,False,1991,1992,1,0,0,1,0,0,1,0,0,0,0,https://www.imdb.com/name/nm0266441/?ref_=fn_nm_nm_0,0,20
Chris Farley,False,1990,1995,5,0,0,5,5,0,1,0,0,1,1,https://www.imdb.com/name/nm0000394/?ref_=fn_nm_nm_0,0,96
Will Ferrell,False,1995,2002,7,0,0,7,7,0,0,0,0,1,5,https://www.imdb.com/name/nm0002071/?ref_=fn_nm_nm_1,0,140
Chloe Fineman,True,2019,2023,4,0,0,4,2,2,0,0,0,0,0,https://www.imdb.com/name/nm4806887/?ref_=fn_nm_nm_1,0,55
Will Forte,False,2002,2010,8,0,0,8,7,1,0,0,0,0,0,https://www.imdb.com/name/nm0287182/?ref_=fn_nm_nm_1,0,156
Heidi Gardner,True,2017,2023,6,0,0,6,4,2,0,0,0,0,0,https://www.imdb.com/name/nm5906920/?ref_=fn_nm_nm_1,0,99
Janeane Garofalo,False,1994,1995,1,0,0,1,1,0,0,0,0,0,0,https://www.imdb.com/name/nm0000413/?ref_=fn_nm_nm_1,0,14
Ana Gasteyer,False,1996,2002,6,0,0,6,6,0,0,0,0,0,0,https://www.imdb.com/name/nm0309430/?ref_=fn_nm_nm_1,0,121
Gilbert Gottfried,False,1980,1981,1,0,0,1,1,0,0,0,0,0,0,https://www.imdb.com/name/nm0331906/?ref_=fn_nm_nm_1,0,13
Bill Hader,False,2005,2013,8,0,0,8,7,1,0,0,0,0,2,https://www.imdb.com/name/nm0352778/?ref_=fn_nm_nm_1,4,161
Anthony Michael Hall,False,1985,1986,1,0,0,1,1,0,0,0,0,0,0,https://www.imdb.com/name/nm0001309/?ref_=fn_nm_nm_1,0,12
Darrell Hammond,False,1995,2009,14,0,0,14,14,0,0,0,0,0,0,https://www.imdb.com/name/nm0358669/?ref_=fn_nm_nm_1,0,313
Lauren Holt,False,2020,2021,1,0,0,1,0,1,0,0,0,0,0,https://www.imdb.com/name/nm7576527/?ref_=fn_nm_nm_1,0,20
Jan Hooks,False,1986,1991,5,0,0,5,5,0,0,0,0,0,0,https://www.imdb.com/name/nm0393660/?ref_=fn_nm_nm_0,0,100
Yvonne Hudson,False,1980,1981,1,0,0,1,0,1,0,0,0,0,0,https://www.imdb.com/name/nm0399994/?ref_=fn_nm_nm_1,0,31
Melanie Hutsell,False,1991,1994,3,0,0,3,1,2,0,0,0,0,0,https://www.imdb.com/name/nm0404525/?ref_=fn_nm_nm_0,0,53
Victoria Jackson,False,1986,1992,6,0,0,6,6,0,0,0,0,0,0,https://www.imdb.com/name/nm0414130/?ref_=fn_nm_nm_1,0,109
Punkie Johnson,True,2020,2023,3,0,0,3,0,3,0,0,0,0,0,https://www.imdb.com/name/nm9790618/?ref_=fn_nm_nm_0,0,40
Chris Kattan,False,1996,2003,8,0,0,8,7,1,0,0,0,1,0,https://www.imdb.com/name/nm0441592/?ref_=fn_nm_nm_0,0,148
Taran Killam,False,2010,2016,6,0,0,6,4,2,0,0,0,0,0,https://www.imdb.com/name/nm0453115/?ref_=fn_nm_nm_1,0,128
David Koechner,False,1995,1996,1,0,0,1,1,0,0,0,0,0,0,https://www.imdb.com/name/nm0462712/?ref_=fn_nm_nm_0,0,21
Gary Kroeger,False,1982,1985,3,0,0,3,3,0,0,0,0,0,0,https://www.imdb.com/name/nm0471856/?ref_=fn_nm_nm_1,0,56
Matthew Laurance,False,1980,1981,1,0,0,1,0,1,0,0,0,0,0,https://www.imdb.com/name/nm0491005/?ref_=fn_nm_nm_1,0,9
Julia Louis-Dreyfus,False,1982,1985,3,0,0,3,3,0,0,0,0,0,3,https://www.imdb.com/name/nm0000506/?ref_=fn_nm_nm_0,0,57
Jon Lovitz,False,1985,1990,5,0,0,5,5,0,0,0,0,1,1,https://www.imdb.com/name/nm0001484/?ref_=fn_nm_nm_0,0,91
Michael McKean,False,1994,1995,2,0,0,2,2,0,0,0,0,0,1,https://www.imdb.com/name/nm0571106/?ref_=fn_nm_nm_0,0,27
Mark McKinney,False,1985,1997,4,1,0,3,3,0,0,0,0,0,0,https://www.imdb.com/name/nm0571897/?ref_=fn_nm_nm_1,0,70
Kate McKinnon,False,2012,2022,11,0,0,11,9,2,0,0,0,0,0,https://www.imdb.com/name/nm0571952/?ref_=fn_nm_nm_1,0,207
Tim Meadows,False,1991,2000,10,1,0,10,10,0,0,0,0,1,0,https://www.imdb.com/name/nm0005218/?ref_=fn_nm_nm_1,20,182
Laurie Metcalf,False,1981,1981,1,0,0,1,0,1,0,0,0,0,0,https://www.imdb.com/name/nm0582418/?ref_=fn_nm_nm_0,0,1
John Milhiser,False,2013,2014,1,0,0,1,0,1,0,0,0,0,0,https://www.imdb.com/name/nm2275887/?ref_=fn_nm_nm_1,0,21
Jerry Minor,False,2000,2001,1,1,0,1,0,1,0,0,0,0,0,https://www.imdb.com/name/nm0591576/?ref_=fn_nm_nm_0,20,20
Finesse Mitchell,False,2003,2006,3,0,0,3,1,2,0,0,0,0,0,https://www.imdb.com/name/nm1459509/?ref_=fn_nm_nm_0,0,59
Alex Moffat,False,2016,2022,6,0,0,6,4,2,0,0,0,0,0,https://www.imdb.com/name/nm5803981/?ref_=fn_nm_nm_1,0,120
Jay Mohr,False,1993,1995,2,1,0,2,0,2,0,0,0,0,0,https://www.imdb.com/name/nm0001542/?ref_=fn_nm_nm_0,20,39
Kyle Mooney,False,2013,2022,9,0,0,9,7,2,0,0,0,0,0,https://www.imdb.com/name/nm3324982/?ref_=fn_nm_nm_1,0,182
Tracy Morgan,False,1996,2003,7,0,0,7,7,0,0,0,0,1,2,https://www.imdb.com/name/nm0605079/?ref_=fn_nm_nm_1,0,142
Bobby Moynihan,False,2008,2017,9,0,0,9,7,2,0,0,0,0,0,https://www.imdb.com/name/nm1293885/?ref_=fn_nm_nm_1,0,193
Eddie Murphy,False,1980,1984,4,2,0,4,3,1,0,0,0,1,3,https://www.imdb.com/name/nm0000552/?ref_=fn_nm_nm_1,39,66
Mike Myers,False,1989,1995,7,2,0,7,7,1,0,0,0,1,1,https://www.imdb.com/name/nm0000196/?ref_=fn_nm_nm_0,32,118
Laraine Newman,False,1975,1980,5,0,0,5,5,0,0,0,0,0,0,https://www.imdb.com/name/nm0628170/?ref_=fn_nm_nm_0,0,104
Don Novello,False,1977,1986,4,4,0,2,0,2,0,0,0,0,1,https://www.imdb.com/name/nm0637038/?ref_=fn_nm_nm_1,71,39
Luke Null,False,2017,2018,1,0,0,1,0,1,0,0,0,0,0,https://www.imdb.com/name/nm3760937/?ref_=fn_nm_nm_0,0,21
Ego Nwodim,True,2018,2023,5,0,0,5,3,2,0,0,0,0,0,https://www.imdb.com/name/nm4945455/?ref_=fn_nm_nm_0,0,78
Michael Patrick O'Brien (II),False,2009,2015,6,5,0,1,0,1,0,0,0,0,0,https://www.imdb.com/name/nm3653190/?ref_=fn_nm_nm_1,103,44
Cheri Oteri,False,1995,2000,5,0,0,5,5,0,0,0,0,1,0,https://www.imdb.com/name/nm0652783/?ref_=fn_nm_nm_1,0,98
Chris Parnell,False,1998,2006,8,0,0,8,7,1,0,0,0,0,0,https://www.imdb.com/name/nm0663177/?ref_=fn_nm_nm_0,0,148
Nasim Pedrad,False,2009,2014,5,0,0,5,3,2,0,0,0,0,0,https://www.imdb.com/name/nm1840659/?ref_=fn_nm_nm_1,0,109
Jay Pharoah,False,2010,2016,6,0,0,6,4,2,0,0,0,0,0,https://www.imdb.com/name/nm3982894/?ref_=fn_nm_nm_1,0,128
Emily Prager,False,1981,1981,1,0,0,1,0,1,0,0,0,0,0,https://www.imdb.com/name/nm0695104/?ref_=fn_nm_nm_0,0,4
Randy Quaid,False,1985,1986,1,0,0,1,1,0,0,0,0,0,0,https://www.imdb.com/name/nm0001642/?ref_=fn_nm_nm_0,0,18
Gilda Radner,False,1975,1980,5,0,0,5,5,0,0,0,0,1,0,https://www.imdb.com/name/nm0705717/?ref_=fn_nm_nm_0,3,107
Chris Redd,False,2017,2022,5,0,0,5,3,2,0,0,0,0,0,https://www.imdb.com/name/nm5412083/?ref_=fn_nm_nm_1,0,100
Jeff Richards (III),False,2001,2004,3,0,0,3,1,2,0,0,0,0,0,https://www.imdb.com/name/nm0724145/?ref_=fn_al_nm_2,0,50
Rob Riggle,False,2004,2005,1,0,0,1,0,1,0,0,0,0,0,https://www.imdb.com/name/nm1443527/?ref_=fn_nm_nm_0,0,21
Ann Risley,False,1980,1981,1,0,0,1,1,0,0,0,0,0,0,https://www.imdb.com/name/nm0728315/?ref_=fn_nm_nm_0,0,12
Chris Rock,False,1990,1993,3,0,0,3,2,0,1,0,0,1,3,https://www.imdb.com/name/nm0001674/?ref_=fn_nm_nm_0,0,57
Jon Rudnitsky,False,2015,2016,1,0,0,1,0,1,0,0,0,0,0,https://www.imdb.com/name/nm4339544/?ref_=fn_nm_nm_0,0,21
Maya Rudolph,False,2000,2007,9,0,0,9,7,2,0,0,0,0,2,https://www.imdb.com/name/nm0748973/?ref_=fn_nm_nm_1,0,162
Andy Samberg,False,2005,2012,7,0,0,7,6,1,0,0,0,0,1,https://www.imdb.com/name/nm1676221/?ref_=fn_nm_nm_1,17,140
Paul Shaffer,False,1979,1980,1,0,0,1,0,1,0,0,0,0,1,https://www.imdb.com/name/nm0787238/?ref_=fn_nm_nm_1,0,27
Molly Shannon,False,1995,2001,7,0,0,7,6,1,0,0,0,1,1,https://www.imdb.com/name/nm0788340/?ref_=fn_nm_nm_1,0,117
Jenny Slate,False,2009,2010,1,0,0,1,0,1,0,0,0,0,0,https://www.imdb.com/name/nm2809577/?ref_=fn_nm_nm_1,0,22
Pamela Stephenson,False,1984,1985,1,0,0,1,1,0,0,0,0,0,0,https://www.imdb.com/name/nm0827298/?ref_=fn_nm_nm_1,0,18
Ben Stiller,False,1989,1990,1,1,0,1,0,1,0,0,0,0,2,https://www.imdb.com/name/nm0001774/?ref_=fn_nm_nm_0,0,13
Julia Sweeney,False,1990,1994,4,0,0,4,3,0,1,0,0,0,0,https://www.imdb.com/name/nm0842140/?ref_=fn_nm_nm_0,0,78
Kenan Thompson,False,2003,2023,20,0,0,20,18,2,0,0,0,0,0,https://www.imdb.com/name/nm0860380/?ref_=fn_nm_nm_0,0,383
Danitra Vance,False,1985,1986,1,0,0,1,1,0,0,0,0,0,0,https://www.imdb.com/name/nm0888503/?ref_=fn_nm_nm_0,0,17
Melissa Villaseñor,False,2016,2022,6,0,0,6,4,2,0,0,0,0,0,https://www.imdb.com/name/nm3830257/?ref_=fn_nm_nm_1,0,120
Dan Vitale,False,1985,1986,1,0,0,1,0,1,0,0,0,0,0,https://www.imdb.com/name/nm0899865/?ref_=fn_nm_nm_0,0,4
Nancy Carell,False,1995,1996,1,0,0,1,1,0,0,0,0,0,0,https://www.imdb.com/name/nm0909391/?ref_=fn_nm_nm_0,0,17
Michaela Watkins,False,2008,2009,1,0,0,1,0,1,0,0,0,0,0,https://www.imdb.com/name/nm1143861/?ref_=fn_nm_nm_1,0,15
Damon Wayans,False,1985,1986,1,0,0,1,0,1,0,0,0,0,1,https://www.imdb.com/name/nm0001834/?ref_=fn_nm_nm_1,0,11
Patrick Weathers,False,1980,1981,1,0,0,1,0,1,0,0,0,0,0,https://www.imdb.com/name/nm0915778/?ref_=fn_nm_nm_0,0,10
Noël Wells,False,2013,2014,1,0,0,1,0,1,0,0,0,0,0,https://www.imdb.com/name/nm3644706/?ref_=fn_nm_nm_1,0,21
Brooks Wheelan,False,2013,2014,1,0,0,1,0,1,0,0,0,0,0,https://www.imdb.com/name/nm5120390/?ref_=fn_nm_nm_1,0,21
Kristen Wiig,False,2005,2012,7,0,0,7,6,1,0,0,0,0,4,https://www.imdb.com/name/nm1325419/?ref_=fn_nm_nm_1,0,139
Casey Wilson,False,2008,2009,2,0,0,2,0,2,0,0,0,0,0,https://www.imdb.com/name/nm1988111/?ref_=fn_nm_nm_1,0,30
Sasheer Zamata,False,2014,2017,4,0,0,4,3,1,0,0,0,0,0,https://www.imdb.com/name/nm3550886/?ref_=fn_nm_nm_1,0,74
Alan Zweibel,False,1980,1980,1,5,0,1,0,1,0,0,0,0,0,https://www.imdb.com/name/nm0958993/?ref_=fn_nm_nm_1,110,52
Tim Kazurinsky,False,1981,1984,4,3,0,4,4,0,0,0,0,0,0,https://www.imdb.com/name/nm0443730/?ref_=fn_nm_nm_0,60,57
Laura Kightlinger,False,1994,1995,1,1,0,1,0,1,0,0,0,0,0,https://www.imdb.com/name/nm0452716/?ref_=fn_nm_nm_0,20,19
Tim Robinson,False,2012,2016,4,3,0,1,0,1,0,0,0,0,0,https://www.imdb.com/name/nm4200503/?ref_=fn_nm_nm_0,68,21
Tony Rosato,False,1981,1982,1,1,0,1,1,0,0,0,0,0,0,https://www.imdb.com/name/nm0711014/?ref_=fn_nm_nm_1,21,20
Adam Sandler,False,1990,1995,6,3,0,6,2,3,1,0,0,1,1,https://www.imdb.com/name/nm0001191/?ref_=fn_nm_nm_1,60,87
Rob Schneider,False,1989,1994,5,3,0,5,2,2,1,0,0,0,0,https://www.imdb.com/name/nm0001705/?ref_=fn_nm_nm_1,56,80
Harry Shearer,False,1979,1985,2,2,0,2,2,0,0,0,0,0,0,https://www.imdb.com/name/nm0733427/?ref_=fn_nm_nm_0,31,38
Martin Short,False,1984,1985,1,1,0,1,1,0,0,0,0,0,3,https://www.imdb.com/name/nm0001737/?ref_=fn_nm_nm_1,17,25
Sarah Silverman,False,1993,1994,1,1,0,1,0,1,0,0,0,0,1,https://www.imdb.com/name/nm0798971/?ref_=fn_nm_nm_1,20,18
Robert Smigel,False,1985,2008,23,23,0,2,0,2,0,0,0,0,0,https://www.imdb.com/name/nm0806912/?ref_=fn_nm_nm_0,425,114
David Spade,False,1989,1996,7,3,0,7,3,3,1,0,0,1,2,https://www.imdb.com/name/nm0005450/?ref_=fn_nm_nm_1,57,77
Jason Sudeikis,False,2003,2013,10,2,0,9,8,1,0,0,0,0,0,https://www.imdb.com/name/nm0837177/?ref_=fn_nm_nm_0,37,177
Terry Sweeney,False,1980,1986,3,2,0,1,1,0,0,0,0,0,0,https://www.imdb.com/name/nm0842202/?ref_=fn_nm_nm_1,31,18
Bowen Yang,True,2019,2023,5,1,0,4,2,2,0,0,0,0,0,https://www.imdb.com/name/nm6299248/?ref_=fn_nm_nm_1,0,59
Anne Beatts,False,1975,1980,5,5,0,0,0,0,0,0,0,0,0,https://www.imdb.com/name/nm0064186/?ref_=fn_nm_nm_0,108,41
Lorne Michaels,True,1975,2023,43,43,1,0,0,0,0,0,0,0,0,https://www.imdb.com/name/nm0584427/?ref_=fn_nm_nm_1,833,6
Marilyn Suzanne Miller,False,1975,1995,7,7,0,0,0,0,0,0,0,0,0,https://www.imdb.com/name/nm0588897/?ref_=fn_nm_nm_0,137,21
Herbert Sargent,False,1975,1995,17,17,2,0,0,0,0,0,0,0,0,https://www.imdb.com/name/nm0765109/?ref_=fn_nm_nm_0,319,0
Rosie Shuster,False,1975,1988,8,8,0,0,0,0,0,0,0,0,0,https://www.imdb.com/name/nm0776874/?ref_=fn_nm_nm_1,161,44
Bruce McCall (I),False,1976,1977,1,1,0,0,0,0,0,0,0,0,0,https://www.imdb.com/name/nm0564620/?ref_=fn_al_nm_0,7,0
Neil Levy,False,1977,1978,1,1,0,0,0,0,0,0,0,0,0,https://www.imdb.com/name/nm0506561/?ref_=fn_nm_nm_1,16,53
Brian McConnachie,False,1978,1979,1,1,0,0,0,0,0,0,0,0,0,https://www.imdb.com/name/nm0566234/?ref_=fn_nm_nm_1,23,3
Walter Williams,False,1978,1979,1,1,0,0,0,0,0,0,0,0,0,https://www.imdb.com/name/nm0931906/?ref_=fn_nm_nm_1,23,25
Tom Gammill,False,1979,1980,1,1,0,0,0,0,0,0,0,0,0,https://www.imdb.com/name/nm0303991/?ref_=fn_nm_nm_1,20,12
Matt Neuman,False,1979,1981,2,2,0,0,0,0,0,0,0,0,0,https://www.imdb.com/name/nm1238470/?ref_=fn_nm_nm_0,21,1
Sarah Paley,False,1979,1980,1,1,0,0,0,0,0,0,0,0,0,https://www.imdb.com/name/nm1238548/?ref_=fn_nm_nm_0,20,10
Max Pross,False,1979,1980,1,1,0,0,0,0,0,0,0,0,0,https://www.imdb.com/name/nm0698795/?ref_=fn_nm_nm_0,20,14
Larry Arnstein,False,1980,1981,1,1,0,0,0,0,0,0,0,0,0,https://www.imdb.com/name/nm0036784/?ref_=fn_nm_nm_1,12,0
Barry W. Blaustein,False,1980,1983,3,3,0,0,0,0,0,0,0,0,0,https://www.imdb.com/name/nm0087904/?ref_=fn_nm_nm_1,56,1
Billy Brown (X),False,1980,1981,1,1,0,0,0,0,0,0,0,0,0,https://www.imdb.com/name/nm0113126/?ref_=fn_nm_nm_1,13,0
Ferris Butler,False,1980,1981,1,1,0,0,0,0,0,0,0,0,0,https://www.imdb.com/name/nm2953521/?ref_=fn_nm_nm_1,12,0
John DeBellis,False,1980,1981,1,1,0,0,0,0,0,0,0,0,0,https://www.imdb.com/name/nm0213377/?ref_=fn_nm_nm_0,12,0
Jean Doumanian,False,1980,1981,1,1,0,0,0,0,0,0,0,0,0,https://www.imdb.com/name/nm0235389/?ref_=fn_nm_nm_1,13,0
Nancy Dowd,False,1980,1981,1,1,0,0,0,0,0,0,0,0,0,https://www.imdb.com/name/nm0235683/?ref_=fn_nm_nm_0,2,0
Leslie Fuller (III),False,1980,1981,1,1,0,0,0,0,0,0,0,0,0,https://www.imdb.com/name/nm1392887/?ref_=fn_al_nm_2,10,0
Mel Green (II),False,1980,1981,1,1,0,0,0,0,0,0,0,0,0,https://www.imdb.com/name/nm0338154/?ref_=ttfc_fc_wr638,13,0
David Hurwitz,False,1980,1981,1,1,0,0,0,0,0,0,0,0,0,https://www.imdb.com/name/nm0403791/?ref_=fn_nm_nm_2,12,0
Judith Belushi-Pisano,False,1980,1981,1,1,0,0,0,0,0,0,0,0,0,https://www.imdb.com/name/nm0413147/?ref_=fn_nm_nm_1,1,0
Sean Kelly (V),False,1980,1981,1,1,0,0,0,0,0,0,0,0,0,https://www.imdb.com/name/nm0446859/?ref_=fn_nm_nm_1,2,0
Mitchell Kriegman,False,1980,1981,1,1,0,0,0,0,0,0,0,0,0,https://www.imdb.com/name/nm0471233/?ref_=fn_nm_nm_0,5,5
Patricia Marx,False,1980,1981,1,1,0,0,0,0,0,0,0,0,0,https://www.imdb.com/name/nm0555658/?ref_=fn_nm_nm_2,12,0
Douglas McGrath,False,1980,1981,1,1,0,0,0,0,0,0,0,0,0,https://www.imdb.com/name/nm0569790/?ref_=fn_nm_nm_0,13,1
Tom Moore (III),False,1980,1981,1,1,1,0,0,0,0,0,0,0,0,https://www.imdb.com/name/nm0601964/?ref_=fn_nm_nm_1,1,0
Pamela Norris,False,1980,1984,4,4,0,0,0,0,0,0,0,0,0,https://www.imdb.com/name/nm0635873/?ref_=fn_nm_nm_1,65,1
Mark Reisman,False,1980,1981,1,1,0,0,0,0,0,0,0,0,0,https://www.imdb.com/name/nm0718459/?ref_=fn_nm_nm_1,4,0
David Sheffield,False,1980,1983,3,3,0,0,0,0,0,0,0,0,0,https://www.imdb.com/name/nm0790775/?ref_=fn_nm_nm_1,56,1
Jeremy Stevens,False,1980,1981,1,1,1,0,0,0,0,0,0,0,0,https://www.imdb.com/name/nm0828484/?ref_=fn_nm_nm_1,2,0
Bob Tischler,False,1980,1985,5,5,4,0,0,0,0,0,0,0,0,https://www.imdb.com/name/nm0864293/?ref_=fn_nm_nm_1,72,1
Mason Williams,False,1980,1981,1,1,1,0,0,0,0,0,0,0,0,https://www.imdb.com/name/nm0931281/?ref_=fn_nm_nm_1,2,0
Dirk Wittenborn,False,1980,1981,1,1,0,0,0,0,0,0,0,0,0,https://www.imdb.com/name/nm0936999/?ref_=fn_nm_nm_1,1,0
Joe Bodolai,False,1981,1982,1,1,0,0,0,0,0,0,0,0,0,https://www.imdb.com/name/nm1188688/?ref_=fn_nm_nm_1,20,0
Nate Herman,False,1981,1985,4,4,0,0,0,0,0,0,0,0,0,https://www.imdb.com/name/nm2953522/?ref_=fn_nm_nm_1,77,7
Nelson Lyon,False,1981,1982,1,1,0,0,0,0,0,0,0,0,0,https://www.imdb.com/name/nm0528962/?ref_=fn_nm_nm_1,20,2
Mark O'Donnell (IV),False,1981,1982,1,1,0,0,0,0,0,0,0,0,0,https://www.imdb.com/name/nm2843346/?ref_=fn_nm_nm_1,20,0
Margaret Oberman,False,1981,1985,4,4,0,0,0,0,0,0,0,0,0,https://www.imdb.com/name/nm0643315/?ref_=fn_nm_nm_1,57,0
Andrew Smith (III),False,1981,1985,4,4,2,0,0,0,0,0,0,0,0,https://www.imdb.com/name/nm0807308/?ref_=ttfc_fc_wr367,60,5
Terry Southern,False,1981,1982,1,1,0,0,0,0,0,0,0,0,0,https://www.imdb.com/name/nm0816143/?ref_=fn_nm_nm_1,20,0
Eliot Wald,False,1981,1985,4,4,0,0,0,0,0,0,0,0,0,https://www.imdb.com/name/nm0906997/?ref_=fn_nm_nm_1,77,0
Andrew Kurtzman,False,1982,1985,3,3,0,0,0,0,0,0,0,0,0,https://www.imdb.com/name/nm0476065/?ref_=fn_nm_nm_1,56,1
Ellen L. Fogle,False,1982,1983,1,1,0,0,0,0,0,0,0,0,0,https://www.imdb.com/name/nm0283941/?ref_=fn_nm_nm_1,20,0
Tracy Tormé,False,1982,1983,1,1,0,0,0,0,0,0,0,0,0,https://www.imdb.com/name/nm0868124/?ref_=fn_nm_nm_1,19,0
Andy Breckman,False,1983,1987,3,3,0,0,0,0,0,0,0,0,0,https://www.imdb.com/name/nm0106563/?ref_=fn_nm_nm_1,63,10
Adam Green (II),False,1983,1984,1,1,0,0,0,0,0,0,0,0,0,https://www.imdb.com/name/nm0337580/?ref_=ttfc_fc_wr591,19,0
Kevin Kelton,False,1983,1985,2,2,0,0,0,0,0,0,0,0,0,https://www.imdb.com/name/nm0447124/?ref_=fn_nm_nm_0,37,4
Michael C. McCarthy,False,1983,1984,1,1,0,0,0,0,0,0,0,0,0,https://www.imdb.com/name/nm0565258/?ref_=fn_nm_nm_0,16,0
Larry David,False,1984,1985,1,1,0,0,0,0,0,0,0,0,0,https://www.imdb.com/name/nm0202970/?ref_=fn_nm_nm_1,18,18
Rob Riley (I),False,1984,1985,1,1,0,0,0,0,0,0,0,0,0,https://www.imdb.com/name/nm0726988/?ref_=fn_al_nm_7,16,5
Jack Handey,False,1985,2001,10,10,0,0,0,0,0,0,0,0,0,https://www.imdb.com/name/nm0359532/?ref_=fn_nm_nm_1,179,0
Lanier Laney,False,1985,1986,1,1,0,0,0,0,0,0,0,0,0,https://www.imdb.com/name/nm0485640/?ref_=fn_nm_nm_0,18,2
Carol Leifer,False,1985,1986,1,1,0,0,0,0,0,0,0,0,0,https://www.imdb.com/name/nm0500140/?ref_=fn_nm_nm_0,18,4
George Meyer,False,1985,1989,4,4,0,0,0,0,0,0,0,0,0,https://www.imdb.com/name/nm0583127/?ref_=fn_nm_nm_0,71,0
Bruce McCulloch,False,1985,1986,1,1,0,0,0,0,0,0,0,0,0,https://www.imdb.com/name/nm0567126/?ref_=fn_nm_nm_1,0,3
Richard Rosen (IV),False,1985,1986,1,1,0,0,0,0,0,0,0,0,0,https://www.imdb.com/name/nm2399917/?ref_=fn_nm_nm_1,3,0
Suzy Schneider,False,1985,1986,1,1,0,0,0,0,0,0,0,0,0,https://www.imdb.com/name/nm2954512/?ref_=fn_nm_nm_2,6,0
John Swartzwelder,False,1985,1986,1,1,0,0,0,0,0,0,0,0,0,https://www.imdb.com/name/nm0841990/?ref_=fn_nm_nm_1,18,4
E. Jean Carroll,False,1986,1987,1,1,0,0,0,0,0,0,0,0,0,https://www.imdb.com/name/nm0140800/?ref_=fn_nm_nm_0,18,0
Marc Shaiman,False,1986,1989,2,2,0,0,0,0,0,0,0,0,0,https://www.imdb.com/name/nm0003299/?ref_=fn_nm_nm_0,20,14
Bonnie Turner,False,1986,1992,6,6,0,0,0,0,0,0,0,0,0,https://www.imdb.com/name/nm0877425/?ref_=fn_nm_nm_0,130,13
Terry Turner,False,1986,1992,6,6,0,0,0,0,0,0,0,0,0,https://www.imdb.com/name/nm0877901/?ref_=fn_nm_nm_0,130,10
Jon Vitti,False,1986,1987,1,1,0,0,0,0,0,0,0,0,0,https://www.imdb.com/name/nm0900140/?ref_=fn_nm_nm_1,20,0
Christine Zander,False,1986,1993,7,7,0,0,0,0,0,0,0,0,0,https://www.imdb.com/name/nm0952863/?ref_=fn_nm_nm_0,130,25
Greg Daniels,False,1987,1990,3,3,0,0,0,0,0,0,0,0,0,https://www.imdb.com/name/nm0199948/?ref_=fn_nm_nm_1,53,0
Conan O'Brien,False,1987,1991,4,4,0,0,0,0,0,0,0,0,0,https://www.imdb.com/name/nm0005277/?ref_=fn_nm_nm_0,72,21
Bob Odenkirk,False,1987,1991,4,4,0,0,0,0,0,0,0,0,0,https://www.imdb.com/name/nm0644022/?ref_=fn_nm_nm_1,131,13
John Bowman,False,1988,1989,1,1,0,0,0,0,0,0,0,0,0,https://www.imdb.com/name/nm0101337/?ref_=fn_nm_nm_0,21,2
Shannon Gaughan,False,1988,1989,1,1,0,0,0,0,0,0,0,0,0,https://www.imdb.com/name/nm0969183/?ref_=fn_nm_nm_0,20,0
Tom Hymes,False,1989,1990,1,1,0,0,0,0,0,0,0,0,0,https://www.imdb.com/name/nm1631821/?ref_=fn_nm_nm_1,16,0
Dan McGrath (I),False,1990,1992,2,2,0,0,0,0,0,0,0,0,0,https://www.imdb.com/name/nm0569775/?ref_=fn_nm_nm_1,36,0
Andy Robin (I),False,1990,1991,1,1,0,0,0,0,0,0,0,0,0,https://www.imdb.com/name/nm0732165/?ref_=fn_nm_nm_1,18,1
Warren Hutcherson,False,1991,1993,2,2,0,0,0,0,0,0,0,0,0,https://www.imdb.com/name/nm0404209/?ref_=fn_nm_nm_0,40,4
Steve Koren,False,1991,1998,6,6,0,0,0,0,0,0,0,0,0,https://www.imdb.com/name/nm0466175/?ref_=fn_nm_nm_0,120,6
Ian Maxtone-Graham,False,1991,1995,4,4,0,0,0,0,0,0,0,0,0,https://www.imdb.com/name/nm0561631/?ref_=fn_nm_nm_0,61,4
Bruce Handy,False,1992,1993,1,1,0,0,0,0,0,0,0,0,0,https://www.imdb.com/name/nm1554692/?ref_=fn_nm_nm_0,19,0
Dawna Kaufmann,False,1992,1993,1,1,0,0,0,0,0,0,0,0,0,https://www.imdb.com/name/nm0442126/?ref_=fn_nm_nm_1,18,0
David Mandel,False,1992,1995,3,3,0,0,0,0,0,0,0,0,0,https://www.imdb.com/name/nm0541635/?ref_=fn_nm_nm_0,61,3
Vanessa Middleton,False,1992,1993,1,1,0,0,0,0,0,0,0,0,0,https://www.imdb.com/name/nm0585583/?ref_=fn_nm_nm_1,19,0
Glenn Rockowitz,False,1992,1993,1,1,0,0,0,0,0,0,0,0,0,https://www.imdb.com/name/nm1032308/?ref_=fn_nm_nm_0,6,0
Dave Attell,False,1993,1994,1,1,0,0,0,0,0,0,0,0,0,https://www.imdb.com/name/nm0040995/?ref_=fn_nm_nm_0,20,7
Tony De Sena (I),False,1993,1994,1,1,0,0,0,0,0,0,0,0,0,https://www.imdb.com/name/nm1096215/?ref_=fn_al_nm_0,20,0
Tim Herlihy,False,1993,2000,7,7,1,0,0,0,0,0,0,0,0,https://www.imdb.com/name/nm0379056/?ref_=fn_nm_nm_0,137,1
Steve Lookner,False,1993,1995,2,2,0,0,0,0,0,0,0,0,0,https://www.imdb.com/name/nm0382769/?ref_=fn_nm_nm_1,40,2
Lewis Morton,False,1993,1995,2,2,0,0,0,0,0,0,0,0,0,https://www.imdb.com/name/nm0608034/?ref_=fn_nm_nm_0,40,1
Ross Abrash,False,1994,1998,4,4,0,0,0,0,0,0,0,0,0,https://www.imdb.com/name/nm1039205/?ref_=fn_nm_nm_0,80,0
Norm Hiscock,False,1994,1997,3,3,0,0,0,0,0,0,0,0,0,https://www.imdb.com/name/nm0386780/?ref_=fn_nm_nm_0,60,4
Brian Kelley (I),False,1994,1995,1,1,0,0,0,0,0,0,0,0,0,https://www.imdb.com/name/nm0445877/?ref_=fn_al_nm_5,20,0
Margo Meyer,False,1994,1995,1,1,0,0,0,0,0,0,0,0,0,https://www.imdb.com/name/nm12200979/?ref_=fn_nm_nm_0,0,0
Adam Resnick,False,1994,1995,1,1,0,0,0,0,0,0,0,0,0,https://www.imdb.com/name/nm0720304/?ref_=fn_nm_nm_1,20,0
Drake Sather,False,1994,1995,1,1,0,0,0,0,0,0,0,0,0,https://www.imdb.com/name/nm0766153/?ref_=fn_nm_nm_0,21,0
Steve Higgins,True,1995,2023,28,28,1,0,0,0,0,0,0,0,0,https://www.imdb.com/name/nm0383492/?ref_=fn_nm_nm_1,534,61
Cindy Caponera,False,1995,1998,3,3,0,0,0,0,0,0,0,0,0,https://www.imdb.com/name/nm0135359/?ref_=fn_nm_nm_0,60,10
Hugh Fink,False,1995,2002,7,7,0,0,0,0,0,0,0,0,0,https://www.imdb.com/name/nm0277813/?ref_=fn_nm_nm_1,141,5
Tom Gianas,False,1995,1998,3,3,0,0,0,0,0,0,0,0,0,https://www.imdb.com/name/nm0316139/?ref_=fn_nm_nm_1,60,4
Peter Gaulke,False,1995,1996,1,1,0,0,0,0,0,0,0,0,0,https://www.imdb.com/name/nm0310087/?ref_=fn_nm_nm_1,16,0
Erin Fraser (III),False,1995,1996,1,1,0,0,0,0,0,0,0,0,0,https://www.imdb.com/name/nm0549524/?ref_=fn_al_nm_0,18,0
Adam McKay,False,1995,2001,6,6,3,0,0,0,0,0,0,0,0,https://www.imdb.com/name/nm0570912/?ref_=fn_nm_nm_1,126,15
Dennis McNicholas,False,1995,2023,18,18,4,0,0,0,0,0,0,0,0,https://www.imdb.com/name/nm0574005/?ref_=fn_nm_nm_0,323,19
Lori Nasso,False,1995,1999,4,4,0,0,0,0,0,0,0,0,0,https://www.imdb.com/name/nm0621994/?ref_=fn_nm_nm_0,79,14
Paula Pell,False,1995,2009,18,18,2,0,0,0,0,0,0,0,0,https://www.imdb.com/name/nm0996134/?ref_=fn_nm_nm_1,311,66
Frank Sebastiano,False,1995,2006,9,9,0,0,0,0,0,0,0,0,0,https://www.imdb.com/name/nm0780980/?ref_=fn_nm_nm_0,173,3
Andrew Steele (I),False,1995,2008,13,13,4,0,0,0,0,0,0,0,0,https://www.imdb.com/name/nm0824482/?ref_=fn_nm_nm_1,240,1
David Breckman,False,1996,1997,1,1,0,0,0,0,0,0,0,0,0,https://www.imdb.com/name/nm1184512/?ref_=fn_nm_nm_0,20,0
Robert Carlock,False,1996,2001,5,5,0,0,0,0,0,0,0,0,0,https://www.imdb.com/name/nm1061622/?ref_=fn_nm_nm_1,103,7
Stephen Colbert,False,1996,1997,1,1,0,0,0,0,0,0,0,0,0,https://www.imdb.com/name/nm0170306/?ref_=fn_nm_nm_0,23,17
Matt Piedmont,False,1996,2002,6,6,0,0,0,0,0,0,0,0,0,https://www.imdb.com/name/nm0682126/?ref_=fn_nm_nm_1,119,3
Scott Wainio,False,1996,2003,7,7,0,0,0,0,0,0,0,0,0,https://www.imdb.com/name/nm0906511/?ref_=fn_nm_nm_0,139,7
Michael McCullers,False,1997,1998,1,1,0,0,0,0,0,0,0,0,0,https://www.imdb.com/name/nm0567112/?ref_=fn_nm_nm_0,20,0
Michael Schur,False,1997,2004,7,7,0,0,0,0,0,0,0,0,0,https://www.imdb.com/name/nm1321658/?ref_=fn_nm_nm_0,138,3
Jerry Collins,False,1998,2000,2,2,0,0,0,0,0,0,0,0,0,https://www.imdb.com/name/nm0172381/?ref_=fn_nm_nm_0,39,0
Steven Cragg,False,1998,2000,2,2,0,0,0,0,0,0,0,0,0,https://www.imdb.com/name/nm0185735/?ref_=fn_nm_nm_1,39,3
Tony Daro,False,1998,2001,3,3,0,0,0,0,0,0,0,0,0,https://www.imdb.com/name/nm1720857/?ref_=fn_nm_nm_0,58,0
Richard Francese,False,1998,2000,2,2,0,0,0,0,0,0,0,0,0,https://www.imdb.com/name/nm0289927/?ref_=fn_nm_nm_0,39,11
Matt Graham (II),False,1998,1999,1,1,0,0,0,0,0,0,0,0,0,https://www.imdb.com/name/nm1757994/?ref_=fn_nm_nm_1,18,0
Ray James,False,1998,1999,1,1,0,0,0,0,0,0,0,0,0,https://www.imdb.com/name/nm0416853/?ref_=fn_nm_nm_0,22,1
T. Sean Shannon,False,1998,2006,8,8,0,0,0,0,0,0,0,0,0,https://www.imdb.com/name/nm0780643/?ref_=fn_nm_nm_0,158,0
Kevin Brennan,False,1999,2000,1,1,0,0,0,0,0,0,0,0,0,https://www.imdb.com/name/nm0107339/?ref_=fn_nm_nm_1,0,0
Ali Reza,False,1999,2000,1,1,0,0,0,0,0,0,0,0,0,https://www.imdb.com/name/nm0995946/?ref_=fn_nm_nm_0,17,0
J.J. Philbin,False,1999,2000,1,1,0,0,0,0,0,0,0,0,0,https://www.imdb.com/name/nm0679902/?ref_=fn_nm_nm_1,17,0
James Anderson (XI),False,2000,2020,20,20,0,0,0,0,0,0,0,0,0,https://www.imdb.com/name/nm1318184/?ref_=fn_al_nm_9,404,9
Melanie Graham (I),False,2000,2001,1,1,0,0,0,0,0,0,0,0,0,https://www.imdb.com/name/nm0334218/?ref_=fn_nm_nm_1,20,0
Erik Kenward,True,2000,2023,23,23,0,0,0,0,0,0,0,0,0,https://www.imdb.com/name/nm1334502/?ref_=fn_nm_nm_0,435,0
Jon Rosenfeld,False,2000,2001,1,1,0,0,0,0,0,0,0,0,0,https://www.imdb.com/name/nm1720897/?ref_=fn_nm_nm_2,18,0
Doug Abeles,False,2001,2011,10,10,0,0,0,0,0,0,0,0,0,https://www.imdb.com/name/nm1263023/?ref_=fn_nm_nm_1,197,3
Max Brooks,False,2001,2003,2,2,0,0,0,0,0,0,0,0,0,https://www.imdb.com/name/nm0112150/?ref_=fn_nm_nm_0,40,0
Louis C.K.,False,2001,2004,3,3,0,0,0,0,0,0,0,0,4,https://www.imdb.com/name/nm0127373/?ref_=fn_nm_nm_0,15,0
Charlie Grandy,False,2001,2008,7,7,0,0,0,0,0,0,0,0,0,https://www.imdb.com/name/nm0334946/?ref_=fn_nm_nm_0,131,1
Ken Scarborough,False,2001,2004,3,3,0,0,0,0,0,0,0,0,0,https://www.imdb.com/name/nm0769095/?ref_=fn_nm_nm_0,75,0
Barry Sobel,False,2000,2001,1,1,0,0,0,0,0,0,0,0,0,https://www.imdb.com/name/nm0811746/?ref_=fn_nm_nm_0,20,0
Leo Allen,False,2002,2005,3,3,0,0,0,0,0,0,0,0,0,https://www.imdb.com/name/nm1179485/?ref_=fn_nm_nm_1,60,3
James Eagan,False,2002,2004,2,2,0,0,0,0,0,0,0,0,0,https://www.imdb.com/name/nm0247063/?ref_=fn_nm_nm_0,39,0
Corwin Moore,False,2002,2003,1,1,0,0,0,0,0,0,0,0,0,https://www.imdb.com/name/nm0601074/?ref_=fn_nm_nm_1,20,0
Eric Slovin,False,2002,2005,3,3,0,0,0,0,0,0,0,0,0,https://www.imdb.com/name/nm0806246/?ref_=fn_nm_nm_1,60,11
Emily Spivey,False,2002,2010,8,8,0,0,0,0,0,0,0,0,0,https://www.imdb.com/name/nm0819225/?ref_=fn_nm_nm_1,180,7
Jordan Black,False,2003,2004,1,1,0,0,0,0,0,0,0,0,0,https://www.imdb.com/name/nm0085359/?ref_=fn_nm_nm_1,20,0
Liz Cackowski,False,2003,2006,3,3,0,0,0,0,0,0,0,0,0,https://www.imdb.com/name/nm1560199/?ref_=fn_nm_nm_0,59,5
David Iserson,False,2003,2004,1,1,0,0,0,0,0,0,0,0,0,https://www.imdb.com/name/nm1503347/?ref_=fn_nm_nm_0,20,0
Joe Kelly,False,2003,2013,3,3,0,0,0,0,0,0,0,0,0,https://www.imdb.com/name/nm1918708/?ref_=fn_nm_nm_0,59,1
John Lutz,False,2003,2010,7,7,0,0,0,0,0,0,0,0,0,https://www.imdb.com/name/nm0527572/?ref_=fn_nm_nm_0,115,21
J.B. Smoove,False,2003,2006,3,3,0,0,0,0,0,0,0,0,0,https://www.imdb.com/name/nm1356578/?ref_=fn_nm_nm_0,60,12
Rich Talarico,False,2003,2005,2,2,0,0,0,0,0,0,0,0,0,https://www.imdb.com/name/nm0847822/?ref_=fn_nm_nm_0,40,1
Alex Baze,False,2004,2014,10,10,0,0,0,0,0,0,0,0,0,https://www.imdb.com/name/nm1733287/?ref_=fn_nm_nm_0,195,0
Matt Murray (I),False,2004,2007,3,3,0,0,0,0,0,0,0,0,0,https://www.imdb.com/name/nm1230361/?ref_=fn_al_nm_2,139,0
Lauren Pomerantz,False,2004,2005,1,1,0,0,0,0,0,0,0,0,0,https://www.imdb.com/name/nm1729395/?ref_=fn_nm_nm_0,20,0
Akiva Schaffer,False,2005,2011,6,6,0,0,0,0,0,0,0,0,0,https://www.imdb.com/name/nm1676223/?ref_=fn_nm_nm_0,116,8
Jorma Taccone,False,2005,2011,6,6,0,0,0,0,0,0,0,0,0,https://www.imdb.com/name/nm1672246/?ref_=fn_nm_nm_0,100,22
Bryan H. Tucker,True,2005,2023,18,18,5,0,0,0,0,0,0,0,0,https://www.imdb.com/name/nm1317704/?ref_=fn_nm_nm_1,327,9
Marika Sawyer,False,2006,2014,8,8,0,0,0,0,0,0,0,0,0,https://www.imdb.com/name/nm2854926/?ref_=fn_nm_nm_0,142,2
John Solomon,False,2006,2015,9,9,0,0,0,0,0,0,0,0,0,https://www.imdb.com/name/nm1231253/?ref_=fn_nm_nm_0,148,7
Rob Klein,False,2007,2017,10,10,3,0,0,0,0,0,0,0,0,https://www.imdb.com/name/nm2914092/?ref_=fn_nm_nm_1,182,0
Simon Rich,False,2007,2011,4,4,0,0,0,0,0,0,0,0,0,https://www.imdb.com/name/nm2919995/?ref_=fn_nm_nm_0,84,4
Kent Sublette,True,2007,2023,16,16,7,0,0,0,0,0,0,0,0,https://www.imdb.com/name/nm1229014/?ref_=fn_nm_nm_1,249,3
Jessica Conrad,False,2008,2012,4,4,0,0,0,0,0,0,0,0,0,https://www.imdb.com/name/nm3165087/?ref_=fn_nm_nm_0,82,0
John Mulaney,False,2008,2012,4,4,0,0,0,0,0,0,0,0,4,https://www.imdb.com/name/nm1825214/?ref_=fn_nm_nm_1,97,5
Jillian Bell,False,2009,2010,1,1,0,0,0,0,0,0,0,0,0,https://www.imdb.com/name/nm3255459/?ref_=fn_nm_nm_0,22,1
Hannibal Buress,False,2009,2010,1,1,0,0,0,0,0,0,0,0,0,https://www.imdb.com/name/nm2868110/?ref_=fn_nm_nm_0,22,2
Jessi Klein,False,2009,2010,1,1,0,0,0,0,0,0,0,0,0,https://www.imdb.com/name/nm1585728/?ref_=fn_nm_nm_0,20,2
Christine Nangle,False,2009,2012,3,3,0,0,0,0,0,0,0,0,0,https://www.imdb.com/name/nm3652881/?ref_=fn_nm_nm_1,62,2
Ryan Perez (I),False,2009,2010,1,1,0,0,0,0,0,0,0,0,0,https://www.imdb.com/name/nm1885677/?ref_=fn_al_nm_2,22,1
Heather Anne Campbell,False,2010,2011,1,1,0,0,0,0,0,0,0,0,0,https://www.imdb.com/name/nm2216111/?ref_=fn_nm_nm_0,22,0
Matthew Craig (II),False,2010,2011,1,1,0,0,0,0,0,0,0,0,0,https://www.imdb.com/name/nm2924462/?ref_=fn_nm_nm_1,5,0
Tom Flanigan (I),False,2010,2011,1,1,0,0,0,0,0,0,0,0,0,https://www.imdb.com/name/nm2475841/?ref_=fn_nm_nm_1,1,0
Shelly Gossman,False,2010,2012,2,2,0,0,0,0,0,0,0,0,0,https://www.imdb.com/name/nm4586457/?ref_=fn_nm_nm_0,10,1
Jonathan Krisel,False,2010,2011,1,1,0,0,0,0,0,0,0,0,0,https://www.imdb.com/name/nm1730037/?ref_=fn_nm_nm_1,23,0
Sarah Schneider,False,2010,2017,7,7,1,0,0,0,0,0,0,0,0,https://www.imdb.com/name/nm1365351/?ref_=fn_nm_nm_0,75,1
Zach Kanin,False,2011,2016,5,5,0,0,0,0,0,0,0,0,0,https://www.imdb.com/name/nm2385671/?ref_=fn_nm_nm_1,97,0
Chris Kelly,False,2011,2017,6,6,1,0,0,0,0,0,0,0,0,https://www.imdb.com/name/nm6287571/?ref_=fn_nm_nm_2,88,0
Pete Schultz,True,2011,2023,12,12,0,0,0,0,0,0,0,0,0,https://www.imdb.com/name/nm3965483/?ref_=fn_nm_nm_0,226,0
Neil Casey,False,2012,2013,1,1,0,0,0,0,0,0,0,0,0,https://www.imdb.com/name/nm2654481/?ref_=fn_nm_nm_0,19,0
Josh Patten,True,2012,2023,11,11,0,0,0,0,0,0,0,0,0,https://www.imdb.com/name/nm4483652/?ref_=fn_nm_nm_1,192,0
Claire Mulaney,False,2013,2015,2,2,0,0,0,0,0,0,0,0,0,https://www.imdb.com/name/nm6004139/?ref_=fn_nm_nm_1,42,0
Katie Rich,False,2013,2019,6,6,0,0,0,0,0,0,0,0,0,https://www.imdb.com/name/nm5098521/?ref_=fn_nm_nm_0,106,1
LaKendra Tookes,False,2013,2014,1,1,0,0,0,0,0,0,0,0,0,https://www.imdb.com/name/nm6228635/?ref_=fn_nm_nm_1,11,0
Jeremy Beiler,False,2014,2017,2,2,0,0,0,0,0,0,0,0,0,https://www.imdb.com/name/nm1501030/?ref_=fn_nm_nm_0,61,0
Dave McCary,False,2014,2018,3,3,0,0,0,0,0,0,0,0,0,https://www.imdb.com/name/nm5050824/?ref_=fn_nm_nm_0,84,0
Natasha Rothwell,False,2014,2015,1,1,0,0,0,0,0,0,0,0,0,https://www.imdb.com/name/nm5625020/?ref_=fn_nm_nm_0,21,0
Nicholas Rutherford,False,2014,2015,1,1,0,0,0,0,0,0,0,0,0,https://www.imdb.com/name/nm0751990/?ref_=fn_nm_nm_1,21,0
Meredith Scardino,False,2014,2015,1,1,0,0,0,0,0,0,0,0,0,https://www.imdb.com/name/nm2227704/?ref_=fn_nm_nm_0,9,0
Chris Belair,False,2015,2016,1,1,0,0,0,0,0,0,0,0,0,https://www.imdb.com/name/nm3677049/?ref_=fn_nm_nm_0,21,0
Paul Masella,False,2015,2016,1,1,0,0,0,0,0,0,0,0,0,https://www.imdb.com/name/nm3688724/?ref_=fn_nm_nm_0,21,0
Dave Sirus,False,2015,2016,1,1,0,0,0,0,0,0,0,0,0,https://www.imdb.com/name/nm3461468/?ref_=fn_nm_nm_0,30,0
Will Stephen,True,2015,2023,8,8,0,0,0,0,0,0,0,0,0,https://www.imdb.com/name/nm5560794/?ref_=fn_nm_nm_0,142,0
Kristen Bartlett,False,2016,2018,2,2,0,0,0,0,0,0,0,0,0,https://www.imdb.com/name/nm4434455/?ref_=fn_nm_nm_1,27,0
Zack Bornstein,False,2016,2017,1,1,0,0,0,0,0,0,0,0,0,https://www.imdb.com/name/nm4956526/?ref_=fn_nm_nm_1,21,0
Joanna Bradley,False,2016,2017,1,1,0,0,0,0,0,0,0,0,0,https://www.imdb.com/name/nm5400395/?ref_=fn_nm_nm_0,21,0
Anna Drezen,True,2016,2022,6,6,2,0,0,0,0,0,0,0,0,https://www.imdb.com/name/nm4871432/?ref_=fn_nm_nm_0,116,0
Nick Kocher,False,2016,2018,2,2,0,0,0,0,0,0,0,0,0,https://www.imdb.com/name/nm3304457/?ref_=fn_nm_nm_1,27,0
Michael Koman,False,2016,2019,3,3,0,0,0,0,0,0,0,0,0,https://www.imdb.com/name/nm0464523/?ref_=fn_nm_nm_0,52,0
Brian McElhaney,False,2016,2018,2,2,0,0,0,0,0,0,0,0,0,https://www.imdb.com/name/nm3537795/?ref_=fn_nm_nm_1,27,0
Drew Michael,False,2016,2018,2,2,0,0,0,0,0,0,0,0,0,https://www.imdb.com/name/nm6569383/?ref_=fn_nm_nm_1,21,0
Julio Torres,False,2016,2019,3,3,0,0,0,0,0,0,0,0,0,https://www.imdb.com/name/nm7088580/?ref_=fn_nm_nm_1,61,0
Steven Castillo,True,2017,2022,5,5,0,0,0,0,0,0,0,0,0,https://www.imdb.com/name/nm9163311/?ref_=fn_nm_nm_1,89,0
Claire Friedman,False,2017,2018,1,1,0,0,0,0,0,0,0,0,0,https://www.imdb.com/name/nm8077083/?ref_=fn_nm_nm_1,21,0
Fran Gillespie,True,2015,2021,6,6,0,0,0,0,0,0,0,0,0,https://www.imdb.com/name/nm5246001/?ref_=fn_nm_nm_0,123,0
Sudi Green,True,2015,2021,6,6,0,0,0,0,0,0,0,0,0,https://www.imdb.com/name/nm6003622/?ref_=fn_nm_nm_0,124,0
Sam Jay,True,2017,2021,4,4,0,0,0,0,0,0,0,0,0,https://www.imdb.com/name/nm7615637/?ref_=fn_nm_nm_1,70,1
Erik Marino,False,2017,2018,1,1,0,0,0,0,0,0,0,0,0,https://www.imdb.com/name/nm0547765/?ref_=fn_nm_nm_0,21,0
Nimesh Patel,False,2017,2018,1,1,0,0,0,0,0,0,0,0,0,https://www.imdb.com/name/nm7964342/?ref_=fn_nm_nm_0,21,0
Gary Richardson,False,2017,2021,4,4,0,0,0,0,0,0,0,0,0,https://www.imdb.com/name/nm6324751/?ref_=fn_nm_nm_0,79,2
Streeter Seidell,True,2014,2023,7,7,2,0,0,0,0,0,0,0,0,https://www.imdb.com/name/nm3289293/?ref_=fn_nm_nm_0,163,2
Megan Callahan-Shah,True,2015,2021,6,6,0,0,0,0,0,0,0,0,0,https://www.imdb.com/name/nm4916386/?ref_=fn_nm_nm_1,146,0
Alison Gates,False,2018,2021,3,3,0,0,0,0,0,0,0,0,0,https://www.imdb.com/name/nm10384188/?ref_=fn_nm_nm_0,80,2
Alan Linic,False,2018,2019,1,1,0,0,0,0,0,0,0,0,0,https://www.imdb.com/name/nm7860442/?ref_=fn_nm_nm_1,21,0
Eli Coyote Mandel,False,2018,2019,1,1,0,0,0,0,0,0,0,0,0,https://www.imdb.com/name/nm8881698/?ref_=fn_nm_nm_1,21,0
Dan Bulla,False,2019,2021,2,2,0,0,0,0,0,0,0,0,0,https://www.imdb.com/name/nm4674057/?ref_=fn_nm_nm_0,60,0
Emma Clark,False,2019,2021,2,2,0,0,0,0,0,0,0,0,0,https://www.imdb.com/name/nm8485344/?ref_=fn_nm_nm_0,27,0
Dan Licata,False,2019,2021,2,2,0,0,0,0,0,0,0,0,0,https://www.imdb.com/name/nm3915994/?ref_=fn_nm_nm_1,39,0
Jasmine Pierce,False,2019,2023,4,4,0,0,0,0,0,0,0,0,0,https://www.imdb.com/name/nm5276392/?ref_=fn_nm_nm_1,47,0
Mark Steinbach,True,2019,2023,4,4,0,0,0,0,0,0,0,0,0,https://www.imdb.com/name/nm9184163/?ref_=fn_nm_nm_1,58,0
Celeste Yim,True,2020,2023,3,3,0,0,0,0,0,0,0,0,0,https://www.imdb.com/name/nm11940589/?ref_=fn_nm_nm_0,41,0
Aristotle Athari,False,2021,2022,1,0,0,1,0,1,0,0,0,0,0,https://www.imdb.com/name/nm2776607/?ref_=fn_nm_nm_0,0,19
Marcello Hernandez,True,2022,2023,1,0,0,1,0,1,0,0,0,0,0,https://www.imdb.com/name/nm13575138/?ref_=fn_nm_nm_0,0,1
Molly Kearney,True,2022,2023,1,0,0,1,0,1,0,0,0,0,0,https://www.imdb.com/name/nm11579141/?ref_=fn_nm_nm_1,0,1
Michael Longfellow (II),True,2022,2023,1,0,0,1,0,1,0,0,0,0,0,https://www.imdb.com/name/nm9089655/?ref_=fn_al_nm_0,0,1
Devon Walker (VI),True,2022,2023,1,0,0,1,0,1,0,0,0,0,0,https://www.imdb.com/name/nm6698127/?ref_=fn_al_nm_1,0,1
Nicole Sun (I),True,2021,2023,2,2,0,0,0,0,0,0,0,0,0,https://www.imdb.com/name/nm4710100/?ref_=fn_al_nm_10,5,0
Clare O'Kane (I),True,2021,2023,2,2,0,0,0,0,0,0,0,0,0,https://www.imdb.com/name/nm1567818/?ref_=fn_nm_nm_1,9,0
Rosebud Baker,True,2021,2023,2,2,0,0,0,0,0,0,0,0,0,https://www.imdb.com/name/nm3497327/?ref_=fn_nm_nm_0,9,0
Mike DiCenzo,True,2021,2023,2,2,0,0,0,0,0,0,0,0,0,https://www.imdb.com/name/nm3355350/?ref_=fn_nm_nm_1,21,0
Billy Domineau,True,2021,2023,2,2,0,0,0,0,0,0,0,0,0,https://www.imdb.com/name/nm2401797/?ref_=fn_nm_nm_0,21,0
Sarah Sherman,True,2021,2023,2,2,0,2,0,2,0,0,0,0,0,https://www.imdb.com/name/nm7567645/?ref_=fn_nm_nm_1,0,17
James Austin Johnson,True,2021,2023,2,2,0,2,0,2,0,0,0,0,0,https://www.imdb.com/name/nm4562498/?ref_=fn_nm_nm_0,0,19
Alex English (X),True,2021,2023,2,2,0,0,0,0,0,0,0,0,0,https://www.imdb.com/name/nm8643737/?ref_=nv_sr_srsg_1,21,1
Martin Herlihy,True,2021,2023,2,2,0,0,0,0,0,0,0,0,0,https://www.imdb.com/name/nm11958939/?ref_=fn_nm_nm_0,21,4
John Higgins (XV),True,2021,2023,2,2,0,0,0,0,0,0,0,0,0,https://www.imdb.com/name/nm3769182/?ref_=fn_al_nm_3,20,4
Vannessa Jackson,True,2021,2023,2,2,0,0,0,0,0,0,0,0,0,https://www.imdb.com/name/nm7781354/?ref_=fn_nm_nm_1,21,0
Tesha Kondrat (II),True,2021,2023,2,2,0,0,0,0,0,0,0,0,0,https://www.imdb.com/name/nm4871773/?ref_=fn_al_nm_0,21,0
Jake Nordwind,True,2021,2023,2,2,0,0,0,0,0,0,0,0,0,https://www.imdb.com/name/nm4053310/?ref_=fn_nm_nm_0,21,0
Ben Silva (V),True,2021,2023,2,2,0,0,0,0,0,0,0,0,0,https://www.imdb.com/name/nm11131504/?ref_=fn_nm_nm_1,21,0
Ben Marshall (IV),True,2021,2023,2,2,0,0,0,0,0,0,0,0,0,https://www.imdb.com/name/nm2951652/?ref_=fn_nm_nm_1,21,4
