index,imdb_link,movie_coefficient,title,media_type,credits_count,snl_alums,cast_count,genres,stars,num_episodes,principal_people,production_companies,medium,year_start,year_end
1547,https://www.imdb.com/title/tt1229939/,0.0439552263232005,The Gong Show with Dave Attell,"['TV Series', '2008– 2008– ']",4,"['J.B. Smoove', 'Robert Smigel', 'Dave Attell']",3,"['Comedy', 'Game-Show']","['Dave Attell', 'David Juskow', 'Heidi Van Horne', 'Michelle Biloon', 'J.B. Smoove', 'Robert Smigel', 'Andy Dick', 'Brian Posehn', 'Ron White', 'Steve Schirripa', 'Dave Navarro', 'Adam Carolla', 'Jim Norton', 'Diandra Newlin', 'Dana Goodman', 'Greg Giraldo', 'Julia Lea Wolov', 'Leon C. Carswell']",8,"['Dave Attell', 'David Juskow', 'Heidi Van Horne', 'Dave Attell', 'David Juskow', 'Heidi Van Horne']","['Happy Madison Productions', 'Sony Pictures Television', '']",['TV Series'],2008.0,2008.0
1601,https://www.imdb.com/title/tt2712740/,0.0530133190843951,The Goldbergs,"['TV Series', '2013– 2013– ', 'TV-PGTV-PG', '22m']",11,"['Jerry Minor', 'Chris Parnell', 'Michaela Watkins', 'Adam Sandler', 'Ana Gasteyer', 'Laura Kightlinger', 'Anthony Michael Hall', 'David Koechner', 'Tim Meadows', 'Jon Lovitz', 'David Spade']",11,['Comedy'],"['Wendi McLendon-Covey', 'Sean Giambrone', 'Troy Gentile', 'Hayley Orrantia', 'Jeff Garlin', 'George Segal', 'Patton Oswalt', 'Sam Lerner', 'Kenny Ridwan', 'Noah Munck', 'Matt Bush', 'AJ Michalka', 'Shayne Topp', 'Sean Marquette', 'Jennifer Irwin', 'Alex Jennings', 'Stephanie Katherine Grant', 'Stephen Tobolowsky']",211,"['Adam F. Goldberg', 'Wendi McLendon-Covey', 'Sean Giambrone', 'Troy Gentile', 'Adam F. Goldberg', 'Wendi McLendon-Covey', 'Sean Giambrone', 'Troy Gentile']","['Adam F. Goldberg Productions', 'Happy Madison Productions', 'Sony Pictures Television', '']",['TV Series'],2013.0,2013.0
2011,https://www.imdb.com/title/tt0790772/,0.1330031026198367,Rules of Engagement,"['TV Series', '2007–20132007–2013', 'TV-PGTV-PG', '22m']",6,"['Carol Leifer', 'Bob Odenkirk', 'Adam Sandler', 'David Spade']",4,"['Comedy', 'Romance']","['Patrick Warburton', 'Megyn Price', 'Oliver Hudson', 'Bianca Kajlich', 'David Spade', 'Adhir Kalyan', 'Kellen Love', 'Diane Sellers', 'James Koshak', 'Wendi McLendon-Covey', 'Sara Rue', 'Richard McGonagle', 'Susan Yeagley', 'Taryn Southern', 'Nazneen Contractor', 'Orlando Jones', 'Beth Littleford', 'Greg Bond']",101,"['Tom Hertz', 'Patrick Warburton', 'Megyn Price', 'Oliver Hudson', 'Tom Hertz', 'Patrick Warburton', 'Megyn Price', 'Oliver Hudson']","['Game Six Productions', 'Happy Madison Productions', 'CBS Paramount Network Television', '']",['TV Series'],2007.0,2013.0
2056,https://www.imdb.com/title/tt0783342/,0.1430143647394715,Gay Robot,"['TV Movie', '20062006', '21m']",4,"['Tom Gianas', 'Adam Sandler']",2,['Comedy'],"['Nick Swardson', 'Jon Crowley', 'Jon Glaser', 'Nichole Hiltz', 'Amad Jackson', 'Brian Kolodziej', 'Natasha Leggero', 'Aaron Perilo', 'Dave Sheridan', 'Chris Titone']",0,"['Tom Gianas', 'Tom Gianas', 'Nick Swardson', 'Nick Swardson', 'Jon Crowley', 'Jon Glaser', 'Tom Gianas', 'Tom Gianas', 'Nick Swardson', 'Nick Swardson', 'Jon Crowley', 'Jon Glaser']","['Happy Madison Productions', 'Sony Pictures Television', '']",['TV Movie'],2006.0,2006.0
2412,https://www.imdb.com/title/tt1721648/,0.2064090505789513,Pretend Time,"['TV Series', '2010–20112010–2011', 'TV-14TV-14', '30m']",18,"['Jerry Minor', 'Barry Sobel', 'Horatio Sanz', 'Bob Odenkirk', 'Frank Sebastiano', 'Jeff Richards (III)', 'Laura Kightlinger', 'T. Sean Shannon', 'Tom Gianas', 'Finesse Mitchell']",10,['Comedy'],"['Nick Swardson', 'John Cramer', 'Deirdre Wall', 'Julia Lea Wolov', 'Doug Jones', 'Bob Odenkirk', 'Colton Dunn', 'Natasha Leggero', 'Kyle Mooney', 'Owen Benjamin', 'Melinda Hill', 'Jay Johnston', 'Brian Huskey', 'John Farley', 'Brandon Johnson', 'Duncan Trussell', 'Tobias Jelinek', 'Craig Anton']",16,"['Tom Gianas', 'Nick Swardson', 'Nick Swardson', 'John Cramer', 'Deirdre Wall', 'Tom Gianas', 'Nick Swardson', 'Nick Swardson', 'John Cramer', 'Deirdre Wall']","['Culver Entertainment', 'Happy Madison Productions', '']",['TV Series'],2010.0,2011.0
2775,https://www.imdb.com/title/tt0380930/,0.2473417425053531,The Mayor,"['TV Movie', '20032003', '30m']",4,"['Adam Resnick', 'Adam Sandler', 'Christine Ebersole']",3,['Comedy'],"['Ben Feldman', 'Harry Groener', 'Samm Levine', 'Christine Ebersole', 'Jack Willis', 'Anna Kendrick', 'Brad Groux', ""Vernard 'Bone' Hampton"", 'Charlie Talbert']",0,"['James Widdoes', 'Chad Fiveash', 'Adam Resnick', 'James Patrick Stoteraux', 'Ben Feldman', 'Harry Groener', 'Samm Levine', 'James Widdoes', 'Chad Fiveash', 'Adam Resnick', 'James Patrick Stoteraux', 'Ben Feldman', 'Harry Groener', 'Samm Levine']","['Happy Madison Productions', 'Sony Pictures Television', 'The WB Television Network', '']",['TV Movie'],2003.0,2003.0
3059,https://www.imdb.com/title/tt1618434/,0.308100166547704,Murder Mystery,"['20192019', 'PG-13PG-13', '1h 37m']",3,"['Adam Sandler', 'Dan Bulla']",2,"['Action', 'Comedy', 'Crime']","['Adam Sandler', 'Jennifer Aniston', 'Luke Evans', 'Terence Stamp', 'Gemma Arterton', 'David Walliams', 'Dany Boon', 'John Kani', 'Adeel Akhtar', 'Ólafur Darri Ólafsson', 'Luis Gerardo Méndez', 'Shioli Kutsuna', 'Erik Griffin', 'Sufe Bradshaw', 'Jackie Sandler', 'Allen Covert', 'Leigh Kilton-Smith', 'Sadie Sandler']",0,"['Kyle Newacheck', 'James Vanderbilt', 'Adam Sandler', 'Jennifer Aniston', 'Luke Evans', 'Kyle Newacheck', 'James Vanderbilt', 'Adam Sandler', 'Jennifer Aniston', 'Luke Evans']","['Netflix', 'Happy Madison Productions', 'Endgame Entertainment', '']",['Film'],2019.0,2019.0
3073,https://www.imdb.com/title/tt1449273/,0.3096480192719485,Todd's Coma,"['TV Movie', '20052005']",2,"['Adam Sandler', 'Ben Stiller']",2,['Comedy'],"['Todd Glass', 'Candice Azzara', 'Amanda Beard', 'Blake Clark', 'Jennifer Elise Cox', 'Tony Devon', 'Frank Ertl', 'Gene Simmons', 'Drake Simpson', 'Ben Stiller', 'Allan Wasserman', 'Kasey Wilson']",0,"['Troy Miller', 'Tom Martin', 'Steven Rosenthal', 'Todd Glass', 'Candice Azzara', 'Amanda Beard', 'Troy Miller', 'Tom Martin', 'Steven Rosenthal', 'Todd Glass', 'Candice Azzara', 'Amanda Beard']","['Happy Madison Productions', 'Sony Pictures Television', 'Turner Broadcasting System (TBS)', '']",['TV Movie'],2005.0,2005.0
3204,https://www.imdb.com/title/tt3450650/,0.3331807637401855,Paul Blart: Mall Cop 2,"['20152015', 'PGPG', '1h 34m']",2,"['Ana Gasteyer', 'Adam Sandler']",2,"['Action', 'Comedy', 'Crime']","['Kevin James', 'Raini Rodriguez', 'Eduardo Verástegui', 'Daniella Alonso', 'Neal McDonough', 'David Henrie', 'Shirley Knight', 'Gary Valentine', 'Ana Gasteyer', 'Nicholas Turturro', 'Loni Love', 'Shelly Desai', 'Vic Dibitetto', 'D.B. Woodside', 'Bas Rutten', 'Steffiana De La Cruz', 'Leif Gantvoort', 'Chelsea Vincent']",0,"['Andy Fickman', 'Kevin James', 'Nick Bakay', 'Kevin James', 'Raini Rodriguez', 'Eduardo Verástegui', 'Andy Fickman', 'Kevin James', 'Nick Bakay', 'Kevin James', 'Raini Rodriguez', 'Eduardo Verástegui']","['Columbia Pictures', 'LStar Capital', 'Happy Madison Productions', '']",['Film'],2015.0,2015.0
3230,https://www.imdb.com/title/tt0489282/,0.3393483940042825,Strange Wilderness,"['20082008', 'RR', '1h 27m']",5,"['Fred Wolf', 'Adam Sandler', 'Peter Gaulke']",3,"['Adventure', 'Comedy']","['Steve Zahn', 'Allen Covert', 'Justin Long', 'Jonah Hill', 'Kevin Heffernan', 'Ashley Scott', 'Peter Dante', 'Harry Hamlin', 'Robert Patrick', 'Joe Don Baker', 'Blake Clark', 'Jeff Garlin', 'Ernest Borgnine', 'Jake Abel', 'Kevin Alejandro', 'Rick Batalla', 'Terrence Beasor', 'Richard Cassese']",0,"['Fred Wolf', 'Peter Gaulke', 'Fred Wolf', 'Steve Zahn', 'Allen Covert', 'Justin Long', 'Fred Wolf', 'Peter Gaulke', 'Fred Wolf', 'Steve Zahn', 'Allen Covert', 'Justin Long']","['Pelican Productions LLC (I)', 'Happy Madison Productions', 'Level 1 Entertainment', '']",['Film'],2008.0,2008.0
3358,https://www.imdb.com/title/tt7759806/,0.3620458600999285,The Goldbergs: 1990-Something,"['TV Movie', '20182018', 'TV-PGTV-PG', '22m']",2,"['Ana Gasteyer', 'Tim Meadows']",2,['Comedy'],"['Tim Meadows', 'Bryan Callen', 'Rachel Crow', 'Summer Parker', 'Octavia Spencer', 'Nia Long', 'Wendi McLendon-Covey', 'Stephen Tobolowsky', 'Kevin Heffernan', 'Missi Pyle', 'Sean Marquette', 'Tanner Buchanan', 'Michael Bunin', 'Ana Gasteyer', 'Irene Roseen', 'William McMullen', 'Justin Tinucci', 'Miles Platt']",0,"['Jay Chandrasekhar', 'Marc Firek', 'Adam F. Goldberg', 'Tim Meadows', 'Bryan Callen', 'Rachel Crow', 'Jay Chandrasekhar', 'Marc Firek', 'Adam F. Goldberg', 'Tim Meadows', 'Bryan Callen', 'Rachel Crow']","['Happy Madison Productions', 'Adam F. Goldberg Productions', 'Sony Pictures Television', '']",['TV Movie'],2018.0,2018.0
3375,https://www.imdb.com/title/tt8009428/,0.3671181299072091,Hustle,"['20222022', 'RR', '1h 57m']",3,"['Adam Sandler', 'Heidi Gardner']",2,"['Comedy', 'Drama', 'Sport']","['Adam Sandler', 'Queen Latifah', 'Juancho Hernangomez', 'Ben Foster', 'Kenny Smith', 'Anthony Edwards', 'Robert Duvall', 'Jordan Hull', 'María Botto', 'Ainhoa Pillet', 'Raúl Castillo', 'Heidi Gardner', 'Jaleel White', 'Elvin Rodriguez', 'Moe Wagner', 'Boban Marjanovic', 'Michael Foster Jr.', 'Julius Erving']",0,"['Jeremiah Zagar', 'Taylor Materne', 'Will Fetters', 'Adam Sandler', 'Queen Latifah', 'Juancho Hernangomez', 'Jeremiah Zagar', 'Taylor Materne', 'Will Fetters', 'Adam Sandler', 'Queen Latifah', 'Juancho Hernangomez']","['Happy Madison Productions', 'Kirschenbaum Productions', 'Roth Films', '']",['Film'],2022.0,2022.0
3446,https://www.imdb.com/title/tt0852713/,0.3879009635974304,The House Bunny,"['20082008', 'PG-13PG-13', '1h 37m']",2,"['Fred Wolf', 'Adam Sandler']",2,"['Comedy', 'Romance']","['Anna Faris', 'Colin Hanks', 'Emma Stone', 'Kat Dennings', 'Hugh Hefner', 'Christopher McDonald', ""Beverly D'Angelo"", 'Katharine McPhee', 'Rumer Willis', 'Kiely Williams', 'Dana Goodman', 'Kimberly Makkouk', 'Monet Mazur', 'Tyson Ritter', 'Sarah Wright', 'Rachel Specter', 'Owen Benjamin', 'Holly Madison']",0,"['Fred Wolf', 'Karen McCullah', 'Kirsten Smith', 'Anna Faris', 'Colin Hanks', 'Emma Stone', 'Fred Wolf', 'Karen McCullah', 'Kirsten Smith', 'Anna Faris', 'Colin Hanks', 'Emma Stone']","['Columbia Pictures', 'Relativity Media', 'Happy Madison Productions', '']",['Film'],2008.0,2008.0
3477,https://www.imdb.com/title/tt0233157/,0.3949960296216988,Adam Sandler: What the Hell Happened to Me?,"['TV Special', '19961996', '1h']",4,"['Adam Sandler', 'Chris Farley']",2,['Music'],"['Brooks Arthur', 'Sanetta Y. Gipson', 'Adam Sandler', 'Chris Farley']",0,"['Keith Truesdell', 'Adam Sandler', 'Brooks Arthur', 'Sanetta Y. Gipson', 'Adam Sandler', 'Keith Truesdell', 'Adam Sandler', 'Brooks Arthur', 'Sanetta Y. Gipson', 'Adam Sandler']","['Happy Madison Productions', 'Production Partners', '']",['TV Special'],1996.0,1996.0
3658,https://www.imdb.com/title/tt9036126/,0.4409149417083036,Adam Sandler: 100% Fresh,"['TV Special', '20182018', 'TV-MATV-MA', '1h 13m']",3,"['Adam Sandler', 'Rob Schneider']",2,"['Comedy', 'Music']","['Adam Sandler', 'Rob Schneider', 'Dan Bulla']",0,"['Steven Brill', 'Nicholaus Goossen', 'Adam Sandler', 'Adam Sandler', 'Rob Schneider', 'Dan Bulla', 'Steven Brill', 'Nicholaus Goossen', 'Adam Sandler', 'Adam Sandler', 'Rob Schneider', 'Dan Bulla']","['Happy Madison Productions', 'Irwin Entertainment', '']",['TV Special'],2018.0,2018.0
3668,https://www.imdb.com/title/tt0280590/,0.44336920312022,Mr. Deeds,"['20022002', 'PG-13PG-13', '1h 36m']",5,"['Tim Herlihy', 'Adam Sandler', 'Rob Schneider']",3,"['Comedy', 'Romance']","['Adam Sandler', 'Winona Ryder', 'John Turturro', 'Allen Covert', 'Peter Gallagher', 'Jared Harris', 'Erick Avari', 'Peter Dante', 'Conchata Ferrell', 'Harve Presnell', 'Steve Buscemi', 'Blake Clark', 'John McEnroe', 'J.B. Smoove', 'Tom McNulty', 'Buddy Bolton', 'Angelito Bautista', 'Scott Thompson Baker']",0,"['Steven Brill', 'Clarence Budington Kelland', 'Robert Riskin', 'Tim Herlihy', 'Adam Sandler', 'Winona Ryder', 'John Turturro', 'Steven Brill', 'Clarence Budington Kelland', 'Robert Riskin', 'Tim Herlihy', 'Adam Sandler', 'Winona Ryder', 'John Turturro']","['Columbia Pictures', 'New Line Cinema', 'Happy Madison Productions', '']",['Film'],2002.0,2002.0
3669,https://www.imdb.com/title/tt0960731/,0.44336920312022,Bedtime Stories,"['20082008', 'PGPG', '1h 39m']",5,"['Tim Herlihy', 'Adam Sandler', 'Rob Schneider']",3,"['Adventure', 'Comedy', 'Family']","['Adam Sandler', 'Keri Russell', 'Courteney Cox', 'Guy Pearce', 'Russell Brand', 'Richard Griffiths', 'Teresa Palmer', 'Lucy Lawless', 'Jonathan Morgan Heit', 'Laura Ann Kesling', 'Jonathan Pryce', 'Nick Swardson', 'Kathryn Joosten', 'Allen Covert', 'Carmen Electra', 'Tim Herlihy', 'Thomas Hoffman', 'Abigail Droeger']",0,"['Adam Shankman', 'Matt Lopez', 'Tim Herlihy', 'Adam Sandler', 'Keri Russell', 'Courteney Cox', 'Adam Shankman', 'Matt Lopez', 'Tim Herlihy', 'Adam Sandler', 'Keri Russell', 'Courteney Cox']","['Walt Disney Pictures', 'Happy Madison Productions', 'Gunn Films', '']",['Film'],2008.0,2008.0
3698,https://www.imdb.com/title/tt7256866/,0.4519930066958972,Father of the Year,"['20182018', 'TV-14TV-14', '1h 34m']",3,"['Kevin Nealon', 'Melanie Hutsell', 'David Spade']",3,['Comedy'],"['David Spade', 'Nat Faxon', 'Joey Bragg', 'Matt Shively', 'Bridgit Mendler', 'Jackie Sandler', 'Mary Gillis', 'Jared Sandler', 'Bill Kottkamp', 'Kevin Nealon', 'Peyton Russ', 'Melanie Hutsell', 'Allen Covert', 'Moses Storm', 'Chris Titone', 'Ashley Rae Spillers', 'Edward James Gage', 'Amanda Soucy']",0,"['Tyler Spindel', 'Brandon Cournoyer', 'Tyler Spindel', 'David Spade', 'Nat Faxon', 'Joey Bragg', 'Tyler Spindel', 'Brandon Cournoyer', 'Tyler Spindel', 'David Spade', 'Nat Faxon', 'Joey Bragg']","['Happy Madison Productions', '424 Post', '']",['Film'],2018.0,2018.0
3770,https://www.imdb.com/title/tt0302640/,0.475002890792291,The Hot Chick,"['20022002', 'PG-13PG-13', '1h 44m']",5,"['Ian Maxtone-Graham', 'Adam Sandler', 'Rob Schneider']",3,"['Comedy', 'Fantasy']","['Rob Schneider', 'Rachel McAdams', 'Anna Faris', 'Matthew Lawrence', 'Eric Christian Olsen', 'Robert Davi', 'Melora Hardin', 'Alexandra Holden', 'Maritza Murray', 'Fay Hauser', 'Jodi Long', 'Tia Mowry-Hardrict', 'Tamera Mowry-Housley', 'Lee Garlington', 'Angie Stone', 'Matt Weinberg', 'Leila Kenzle', 'Michelle Branch']",0,"['Tom Brady', 'Tom Brady', 'Rob Schneider', 'Rob Schneider', 'Rachel McAdams', 'Anna Faris', 'Tom Brady', 'Tom Brady', 'Rob Schneider', 'Rob Schneider', 'Rachel McAdams', 'Anna Faris']","['Touchstone Pictures', 'Happy Madison Productions', '']",['Film'],2002.0,2002.0
3836,https://www.imdb.com/title/tt1086772/,0.5052020948755422,Blended,"['20142014', 'PG-13PG-13', '1h 57m']",6,"['Kevin Nealon', 'Adam Sandler', 'Tim Herlihy', 'Steve Koren']",4,"['Comedy', 'Romance']","['Adam Sandler', 'Drew Barrymore', 'Wendi McLendon-Covey', 'Kevin Nealon', 'Terry Crews', 'Bella Thorne', 'Joel McHale', 'Abdoulaye NGom', 'Jessica Lowe', 'Braxton Beckham', 'Emma Fuhrmann', 'Alyvia Alyn Lind', 'Kyle Red Silverstein', 'Zak Henri', ""Shaquille O'Neal"", 'Dan Patrick', 'Jackie Sandler', 'Sunny Sandler']",0,"['Frank Coraci', 'Ivan Menchell', 'Clare Sera', 'Adam Sandler', 'Drew Barrymore', 'Wendi McLendon-Covey', 'Frank Coraci', 'Ivan Menchell', 'Clare Sera', 'Adam Sandler', 'Drew Barrymore', 'Wendi McLendon-Covey']","['Gulfstream Pictures', 'Happy Madison Productions', 'Karz Entertainment', '']",['Film'],2014.0,2014.0
3867,https://www.imdb.com/title/tt1411664/,0.5248700704853676,Bucky Larson: Born to Be a Star,"['20112011', 'RR', '1h 37m']",4,"['Kevin Nealon', 'Adam Sandler', 'Jimmy Fallon']",3,['Comedy'],"['Nick Swardson', 'Don Johnson', 'Christina Ricci', 'Stephen Dorff', 'Ido Mosseri', 'Kevin Nealon', 'Edward Herrmann', 'Miriam Flynn', 'Mario Joyner', 'Tyler Spindel', 'Meredith Giangrande', 'Nicholas Turturro', 'Mary Pat Gleason', 'Jackie Sandler', 'Dana Goodman', 'Curtis Armstrong', ""Mike O'Connell"", 'Brandon Hardesty']",0,"['Tom Brady', 'Adam Sandler', 'Allen Covert', 'Nick Swardson', 'Nick Swardson', 'Don Johnson', 'Christina Ricci', 'Tom Brady', 'Adam Sandler', 'Allen Covert', 'Nick Swardson', 'Nick Swardson', 'Don Johnson', 'Christina Ricci']","['Columbia Pictures', 'Happy Madison Productions', 'Miles Deep Producitons', '']",['Film'],2011.0,2011.0
3882,https://www.imdb.com/title/tt0205000/,0.5323383832976445,Deuce Bigalow: Male Gigolo,"['19991999', 'RR', '1h 28m']",5,"['Rob Schneider', 'Adam Sandler', 'Norm MacDonald']",3,"['Comedy', 'Romance']","['Rob Schneider', 'William Forsythe', 'Eddie Griffin', 'Arija Bareikis', 'Oded Fehr', ""Gail O'Grady"", 'Richard Riehle', 'Jacqueline Obradors', 'Big Boy', 'Amy Poehler', 'Dina Platias', 'Torsten Voges', 'Deborah Lemen', 'Bree Turner', 'Andrew Shaifer', 'Allen Covert', 'Elle King', 'Barry Cutler']",0,"['Mike Mitchell', 'Harris Goldberg', 'Rob Schneider', 'Rob Schneider', 'William Forsythe', 'Eddie Griffin', 'Mike Mitchell', 'Harris Goldberg', 'Rob Schneider', 'Rob Schneider', 'William Forsythe', 'Eddie Griffin']","['Touchstone Pictures', 'Happy Madison Productions', 'Out of the Blue... Entertainment', '']",['Film'],1999.0,1999.0
3888,https://www.imdb.com/title/tt14592064/,0.5379926837972876,Home Team,"['20222022', 'PGPG', '1h 35m']",3,"['Adam Sandler', 'Rob Schneider', 'Chloe Fineman']",3,"['Comedy', 'Sport']","['Kevin James', 'Taylor Lautner', 'Rob Schneider', 'Jackie Sandler', 'Gary Valentine', 'Lavell Crawford', 'Chloe Fineman', 'Tait Blum', 'Maxwell Simkins', 'Jacob Perez', 'Bryant Tardy', 'Manny Magnus', 'Liam Kyle', 'Christopher Farrar', 'Merek Mastrov', 'Isaiah Mustafa', 'Dana Goodman', 'Sunny Sandler']",0,"['Charles Kinnane', 'Daniel Kinnane', 'Chris Titone', 'Keith Blum', 'Kevin James', 'Taylor Lautner', 'Rob Schneider', 'Charles Kinnane', 'Daniel Kinnane', 'Chris Titone', 'Keith Blum', 'Kevin James', 'Taylor Lautner', 'Rob Schneider']","['Happy Madison Productions', 'Hey Eddie', '']",['Film'],2022.0,2022.0
3909,https://www.imdb.com/title/tt0255798/,0.5523761152748036,The Animal,"['20012001', 'PG-13PG-13', '1h 24m']",6,"['Rob Schneider', 'Adam Sandler', 'Norm MacDonald']",3,"['Comedy', 'Sci-Fi']","['Rob Schneider', 'Colleen Haskell', 'John C. McGinley', 'Edward Asner', 'Michael Caton', 'Louis Lombardi', 'Guy Torry', 'Bob Rubin', 'Pilar Schneider', 'Scott Wilson', 'Raymond Ma', 'Michael Papajohn', 'Ron Roggé', 'Holly Maples', 'Henriette Mantel', 'Jeremy Kramer', 'Robb Skyler', 'Nicko Mariolis']",0,"['Luke Greenfield', 'Tom Brady', 'Rob Schneider', 'Rob Schneider', 'Colleen Haskell', 'John C. McGinley', 'Luke Greenfield', 'Tom Brady', 'Rob Schneider', 'Rob Schneider', 'Colleen Haskell', 'John C. McGinley']","['Revolution Studios', 'Happy Madison Productions', '']",['Film'],2001.0,2001.0
3911,https://www.imdb.com/title/tt9619798/,0.5544053609666563,The Wrong Missy,"['20202020', 'TV-MATV-MA', '1h 30m']",3,"['Adam Sandler', 'Rob Schneider', 'David Spade']",3,"['Comedy', 'Romance']","['David Spade', 'Lauren Lapkus', 'Nick Swardson', 'Geoff Pierson', 'Jackie Sandler', 'Molly Sims', 'Sarah Chalke', 'Chris Witaske', 'Rob Schneider', 'John Farley', 'Jorge Garcia', ""Joe Anoa'i"", 'Jonathan Loughran', 'Jared Sandler', 'Chris Titone', 'Arlene Newman-Van Asperen', 'Candace Smith', 'Camille Claire Hendricks']",0,"['Tyler Spindel', 'Chris Pappas', 'Kevin Barnett', 'David Spade', 'Lauren Lapkus', 'Nick Swardson', 'Tyler Spindel', 'Chris Pappas', 'Kevin Barnett', 'David Spade', 'Lauren Lapkus', 'Nick Swardson']","['Happy Madison Productions', 'Netflix', 'QC Entertainment', '']",['Film'],2020.0,2020.0
3916,https://www.imdb.com/title/tt0389860/,0.5567716060594472,Click,"['20062006', 'PG-13PG-13', '1h 47m']",8,"['Rachel Dratch', 'Adam Sandler', 'Rob Schneider', 'Steve Koren', 'Tim Herlihy']",5,"['Comedy', 'Drama', 'Fantasy']","['Adam Sandler', 'Kate Beckinsale', 'Christopher Walken', 'David Hasselhoff', 'Henry Winkler', 'Julie Kavner', 'Sean Astin', 'Joseph Castanon', 'Jonah Hill', 'Jake Hoffman', 'Tatum McCann', 'Lorraine Nicholson', 'Katie Cassidy', 'Cameron Monaghan', 'Jennifer Coolidge', 'Rachel Dratch', 'Sophie Monk', 'Michelle Lombardo']",0,"['Frank Coraci', 'Steve Koren', ""Mark O'Keefe"", 'Adam Sandler', 'Kate Beckinsale', 'Christopher Walken', 'Frank Coraci', 'Steve Koren', ""Mark O'Keefe"", 'Adam Sandler', 'Kate Beckinsale', 'Christopher Walken']","['Columbia Pictures', 'Revolution Studios', 'Happy Madison Productions', '']",['Film'],2006.0,2006.0
3941,https://www.imdb.com/title/tt0456554/,0.5744487398456883,Grandma's Boy,"['20062006', 'RR', '1h 34m']",4,"['Kevin Nealon', 'Adam Sandler', 'Rob Schneider', 'David Spade']",4,['Comedy'],"['Allen Covert', 'Linda Cardellini', 'Shirley Jones', 'Peter Dante', 'Shirley Knight', 'Joel David Moore', 'Kevin Nealon', 'Doris Roberts', 'Nick Swardson', 'Jonah Hill', 'Kelvin Yu', 'Chuck Church', 'Scott Halberstadt', 'Heidi Hawking', 'Shana Hiatt', 'Todd Holland', 'John Kirk', 'Geno Kirkland']",0,"['Nicholaus Goossen', 'Barry Wernick', 'Allen Covert', 'Nick Swardson', 'Allen Covert', 'Linda Cardellini', 'Shirley Jones', 'Nicholaus Goossen', 'Barry Wernick', 'Allen Covert', 'Nick Swardson', 'Allen Covert', 'Linda Cardellini', 'Shirley Jones']","['Twentieth Century Fox', 'Level 1 Entertainment', 'Happy Madison Productions', '']",['Film'],2006.0,2006.0
3982,https://www.imdb.com/title/tt0295427/,0.6059079452177014,The Master of Disguise,"['20022002', 'PGPG', '1h 20m']",4,"['Kevin Nealon', 'Adam Sandler', 'Dana Carvey']",3,"['Adventure', 'Comedy', 'Family']","['Dana Carvey', 'Jennifer Esposito', 'Harold Gould', 'James Brolin', 'Brent Spiner', 'Austin Wolff', 'Edie McClurg', 'Maria Canals-Barrera', 'Robert Machray', 'Michael Bailey Smith', 'Rachel Lederman', 'Vincent Riverside', 'Mark Devine', 'Kenan Thompson', 'Jay Johnston', 'Mark Ginther', ""Carrick O'Quinn"", 'Mitch Silpa']",0,"['Perry Andelin Blake', 'Dana Carvey', 'Harris Goldberg', 'Dana Carvey', 'Jennifer Esposito', 'Harold Gould', 'Perry Andelin Blake', 'Dana Carvey', 'Harris Goldberg', 'Dana Carvey', 'Jennifer Esposito', 'Harold Gould']","['Revolution Studios', 'Happy Madison Productions', 'Out of the Blue... Entertainment', '']",['Film'],2002.0,2002.0
4047,https://www.imdb.com/title/tt0343660/,0.674666636926005,50 First Dates,"['20042004', 'PG-13PG-13', '1h 39m']",4,"['Dan Aykroyd', 'Maya Rudolph', 'Rob Schneider', 'Adam Sandler']",4,"['Comedy', 'Drama', 'Romance']","['Adam Sandler', 'Drew Barrymore', 'Rob Schneider', 'Sean Astin', 'Lusia Strus', 'Dan Aykroyd', 'Amy Hill', 'Allen Covert', 'Blake Clark', 'Maya Rudolph', ""Pomaika'i Brown"", 'Joe Nakashima', 'Peter Dante', 'Dom Magwili', 'Jonathan Loughran', 'J.D. Donaruma', 'Wayne Federman', 'Kent Avenido']",0,"['Peter Segal', 'George Wing', 'Adam Sandler', 'Drew Barrymore', 'Rob Schneider', 'Peter Segal', 'George Wing', 'Adam Sandler', 'Drew Barrymore', 'Rob Schneider']","['Columbia Pictures', 'Happy Madison Productions', 'Anonymous Content', '']",['Film'],2004.0,2004.0
4050,https://www.imdb.com/title/tt0367652/,0.6780987930698851,Deuce Bigalow: European Gigolo,"['20052005', 'RR', '1h 23m']",6,"['Fred Armisen', 'Adam Sandler', 'Norm MacDonald', 'Rob Schneider']",4,['Comedy'],"['Rob Schneider', 'Eddie Griffin', 'Jeroen Krabbé', 'Til Schweiger', 'Douglas Sills', 'Carlos Ponce', 'Charles Keating', 'Hanna Verboom', 'Alex Dimitriades', 'Kostas Sommer', 'Federico Dordei', 'Oded Fehr', 'Tony Fish', 'Elisabetta Canalis', 'Hilton Myburgh', 'Wimie Wilhelm', 'Joop Kasteel', 'SuChin Pak']",0,"['Mike Bigelow', 'Harris Goldberg', 'Rob Schneider', 'David Garrett', 'Rob Schneider', 'Eddie Griffin', 'Jeroen Krabbé', 'Mike Bigelow', 'Harris Goldberg', 'Rob Schneider', 'David Garrett', 'Rob Schneider', 'Eddie Griffin', 'Jeroen Krabbé']","['Columbia Pictures', 'Happy Madison Productions', 'Out of the Blue... Entertainment', '']",['Film'],2005.0,2005.0
4060,https://www.imdb.com/title/tt1564367/,0.6875799103248244,Just Go with It,"['20112011', 'PG-13PG-13', '1h 57m']",6,"['Kevin Nealon', 'Rachel Dratch', 'Adam Sandler', 'Steve Koren', 'Tim Herlihy']",5,"['Comedy', 'Romance']","['Adam Sandler', 'Jennifer Aniston', 'Brooklyn Decker', 'Nicole Kidman', 'Nick Swardson', 'Bailee Madison', 'Griffin Gluck', 'Dave Matthews', 'Kevin Nealon', 'Rachel Dratch', 'Allen Covert', 'Dan Patrick', 'Minka Kelly', 'Jackie Sandler', 'Rakefet Abergel', 'Dana Goodman', 'Julia Lea Wolov', 'Colby Kline']",0,"['Dennis Dugan', 'Allan Loeb', 'Timothy Dowling', 'I.A.L. Diamond', 'Adam Sandler', 'Jennifer Aniston', 'Brooklyn Decker', 'Dennis Dugan', 'Allan Loeb', 'Timothy Dowling', 'I.A.L. Diamond', 'Adam Sandler', 'Jennifer Aniston', 'Brooklyn Decker']","['Columbia Pictures', 'Happy Madison Productions', '']",['Film'],2011.0,2011.0
4067,https://www.imdb.com/title/tt0305224/,0.7072709367175372,Anger Management,"['20032003', 'PG-13PG-13', '1h 46m']",6,"['Kevin Nealon', 'Adam Sandler', 'Nancy Carell', 'Tim Herlihy', 'Dan Vitale']",5,['Comedy'],"['Jack Nicholson', 'Adam Sandler', 'Marisa Tomei', 'Luis Guzmán', 'Allen Covert', 'Lynne Thigpen', 'Kurt Fuller', 'Jonathan Loughran', 'Krista Allen', 'January Jones', 'Woody Harrelson', 'John Turturro', 'Kevin Nealon', 'Conrad Goode', 'Gina Gallego', 'Nancy Carell', 'Marisa Chandler', 'Don Diamont']",0,"['Peter Segal', 'David Dorfman', 'Jack Nicholson', 'Adam Sandler', 'Marisa Tomei', 'Peter Segal', 'David Dorfman', 'Jack Nicholson', 'Adam Sandler', 'Marisa Tomei']","['Revolution Studios', 'Happy Madison Productions', 'Anger Management LLC', '']",['Film'],2003.0,2003.0
4095,https://www.imdb.com/title/tt0271263/,0.7479208501863747,Eight Crazy Nights,"['20022002', 'PG-13PG-13', '1h 16m']",6,"['Kevin Nealon', 'Adam Sandler', 'Jon Lovitz', 'Rob Schneider']",4,"['Animation', 'Comedy', 'Musical']","['Adam Sandler', 'Rob Schneider', 'Jackie Sandler', 'Austin Stout', 'Kevin Nealon', 'Norm Crosby', 'Jon Lovitz', 'Tyra Banks', 'Blake Clark', 'Peter Dante', 'Ellen Albertini Dow', 'Kevin P. Farley', 'Lari Friedman', 'Tom Kenny', 'Cole Sprouse', 'Dylan Sprouse', 'Carl Weathers', 'Jamie Alcroft']",0,"['Seth Kearsley', 'Brooks Arthur', 'Allen Covert', 'Brad Isaacs', 'Adam Sandler', 'Rob Schneider', 'Jackie Sandler', 'Seth Kearsley', 'Brooks Arthur', 'Allen Covert', 'Brad Isaacs', 'Adam Sandler', 'Rob Schneider', 'Jackie Sandler']","['Happy Madison Productions', 'Meatball Animation', '']",['Film'],2002.0,2002.0
4100,https://www.imdb.com/title/tt4126340/,0.7593765550117262,Joe Dirt 2: Beautiful Loser,"['Video', '20152015', 'Not RatedNot Rated', '1h 47m']",8,"['Dennis Miller', 'Fred Wolf', 'Adam Sandler', 'David Spade']",4,['Comedy'],"['David Spade', 'Brittany Daniel', 'Christopher Walken', 'Adam Beach', 'Patrick Warburton', 'Mark McGrath', 'Dennis Miller', 'Toby Bronson', 'Ron Flagge', 'Rhonda Johnson Dents', 'Tracy Weisert', 'Natalia Cigliuti', 'Scott L. Schwartz', 'Erica Ibsen', 'Jeff DeRouen', 'Dan Mott', 'Allison Gobuzzi', 'Lauren Gobuzzi']",0,"['Fred Wolf', 'David Spade', 'Fred Wolf', 'David Spade', 'Brittany Daniel', 'Christopher Walken', 'Fred Wolf', 'David Spade', 'Fred Wolf', 'David Spade', 'Brittany Daniel', 'Christopher Walken']","['Happy Madison Productions', 'Lifeboat Productions', '']",['Video'],2015.0,2015.0
4126,https://www.imdb.com/title/tt0398165/,0.798972375174195,The Longest Yard,"['20052005', 'PG-13PG-13', '1h 53m']",6,"['Tracy Morgan', 'Adam Sandler', 'Rob Schneider', 'Chris Rock', 'Tim Herlihy']",5,"['Comedy', 'Crime', 'Sport']","['Adam Sandler', 'Burt Reynolds', 'Chris Rock', 'Nelly', 'Michael Irvin', 'Walter Williamson', 'Bill Goldberg', 'Terry Crews', 'Bob Sapp', 'Nicholas Turturro', 'Dalip Singh', 'Lobo Sebastian', 'Joey Diaz', 'Steve Reevis', 'David Patrick Kelly', 'Tracy Morgan', 'Edward Bunker', 'William Fichtner']",0,"['Peter Segal', 'Albert S. Ruddy', 'Tracy Keenan Wynn', 'Sheldon Turner', 'Adam Sandler', 'Burt Reynolds', 'Chris Rock', 'Peter Segal', 'Albert S. Ruddy', 'Tracy Keenan Wynn', 'Sheldon Turner', 'Adam Sandler', 'Burt Reynolds', 'Chris Rock']","['Paramount Pictures', 'Columbia Pictures', 'Happy Madison Productions', '']",['Film'],2005.0,2005.0
4153,https://www.imdb.com/title/tt0762107/,0.8522830723016326,I Now Pronounce You Chuck & Larry,"['20072007', 'PG-13PG-13', '1h 55m']",7,"['Dan Aykroyd', 'Adam Sandler', 'Rachel Dratch', 'Rob Schneider', 'David Spade', 'Robert Smigel']",6,"['Comedy', 'Romance']","['Adam Sandler', 'Kevin James', 'Jessica Biel', 'Dan Aykroyd', 'Ving Rhames', 'Steve Buscemi', 'Nicholas Turturro', 'Allen Covert', 'Rachel Dratch', 'Richard Chamberlain', 'Nick Swardson', 'Blake Clark', 'Mary Pat Gleason', 'Matt Winston', 'Lance Bass', 'Dave Matthews', 'Dan Patrick', 'Rob Corddry']",0,"['Dennis Dugan', 'Barry Fanaro', 'Alexander Payne', 'Jim Taylor', 'Adam Sandler', 'Kevin James', 'Jessica Biel', 'Dennis Dugan', 'Barry Fanaro', 'Alexander Payne', 'Jim Taylor', 'Adam Sandler', 'Kevin James', 'Jessica Biel']","['Universal Pictures', 'Relativity Media', 'Happy Madison Productions', '']",['Film'],2007.0,2007.0
4158,https://www.imdb.com/title/tt0325258/,0.8674049307892319,Dickie Roberts: Former Child Star,"['20032003', 'PG-13PG-13', '1h 38m']",8,"['Fred Wolf', 'Adam Sandler', 'Rachel Dratch', 'Jon Lovitz', 'David Spade']",5,['Comedy'],"['David Spade', 'Mary McCormack', 'Alyssa Milano', 'Craig Bierko', 'Scott Terra', 'Jenna Boyd', 'John Farley', 'Bobby Slayton', 'Michael Buffer', 'Fred Wolf', 'Emmanuel Lewis', 'Joey Diaz', 'Kevin Grevioux', 'Brian Clark', 'Leif Garrett', 'Emily Harrison', 'Nancy M. Pimental', 'Alan Blumenfeld']",0,"['Sam Weisman', 'Fred Wolf', 'David Spade', 'David Spade', 'Mary McCormack', 'Alyssa Milano', 'Sam Weisman', 'Fred Wolf', 'David Spade', 'David Spade', 'Mary McCormack', 'Alyssa Milano']","['Paramount Pictures', 'Happy Madison Productions', '']",['Film'],2003.0,2003.0
4169,https://www.imdb.com/title/tt0960144/,0.889162739318936,You Don't Mess with the Zohan,"['20082008', 'PG-13PG-13', '1h 53m']",9,"['Kevin Nealon', 'Adam Sandler', 'Rob Schneider', 'Chris Rock', 'Robert Smigel']",5,"['Action', 'Comedy']","['Adam Sandler', 'John Turturro', 'Emmanuelle Chriqui', 'Nick Swardson', 'Lainie Kazan', 'Ido Mosseri', 'Rob Schneider', 'Dave Matthews', 'Michael Buffer', 'Charlotte Rae', 'Sayed Badreya', 'Daoud Heidami', 'Kevin Nealon', 'Robert Smigel', 'Dina Doron', 'Shelley Berman', 'Chris Rock', 'Mariah Carey']",0,"['Dennis Dugan', 'Adam Sandler', 'Robert Smigel', 'Judd Apatow', 'Adam Sandler', 'John Turturro', 'Emmanuelle Chriqui', 'Dennis Dugan', 'Adam Sandler', 'Robert Smigel', 'Judd Apatow', 'Adam Sandler', 'John Turturro', 'Emmanuelle Chriqui']","['Columbia Pictures', 'Relativity Media', 'Happy Madison Productions', '']",['Film'],2008.0,2008.0
4173,https://www.imdb.com/title/tt0437863/,0.8952419062914242,The Benchwarmers,"['20062006', 'PG-13PG-13', '1h 25m']",5,"['Adam Sandler', 'Rob Schneider', 'Tim Meadows', 'Jon Lovitz', 'David Spade']",5,"['Comedy', 'Sport']","['David Spade', 'Jon Heder', 'Rob Schneider', 'Jon Lovitz', 'Craig Kilborn', 'Molly Sims', 'Tim Meadows', 'Nick Swardson', 'Erinn Bartlett', 'Amaury Nolasco', 'Bill Romanowski', 'Sean Salisbury', 'Matt Weinberg', 'John Farley', 'Reggie Jackson', 'Joe Gnoffo', 'Jackie Sandler', 'Ray Nicholson']",0,"['Dennis Dugan', 'Allen Covert', 'Nick Swardson', 'David Spade', 'Jon Heder', 'Rob Schneider', 'Dennis Dugan', 'Allen Covert', 'Nick Swardson', 'David Spade', 'Jon Heder', 'Rob Schneider']","['Revolution Studios', 'Happy Madison Productions', '']",['Film'],2006.0,2006.0
4180,https://www.imdb.com/title/tt6821012/,0.925447937155704,The Week Of,"['20182018', 'TV-14TV-14', '1h 56m']",9,"['Rachel Dratch', 'Adam Sandler', 'Chris Rock', 'Tim Herlihy', 'Robert Smigel']",5,['Comedy'],"['Adam Sandler', 'Chris Rock', 'Steve Buscemi', 'Rachel Dratch', 'Allison Strong', 'Roland Buck III', 'Katie Hartman', 'Chloe Himmelman', 'Jake Lippmann', 'Jim Barone', 'June Gable', 'Suzanne Shepherd', 'Christian Capozzoli', 'Nasser Faris', 'Jared Sandler', 'Andrew Polk', 'Liz Larsen', 'Jackie Sandler']",0,"['Robert Smigel', 'Adam Sandler', 'Robert Smigel', 'Adam Sandler', 'Chris Rock', 'Steve Buscemi', 'Robert Smigel', 'Adam Sandler', 'Robert Smigel', 'Adam Sandler', 'Chris Rock', 'Steve Buscemi']","['Happy Madison Productions', 'Netflix', '']",['Film'],2018.0,2018.0
4195,https://www.imdb.com/title/tt0245686/,0.9919320960004272,Joe Dirt,"['20012001', 'PG-13PG-13', '1h 31m']",7,"['Kevin Nealon', 'Dennis Miller', 'Fred Wolf', 'Adam Sandler', 'David Spade']",5,"['Adventure', 'Comedy', 'Drama']","['David Spade', 'Brittany Daniel', 'Dennis Miller', 'Adam Beach', 'Christopher Walken', 'Jaime Pressly', 'Kid Rock', 'Erik Per Sullivan', 'Megan Taylor Harvey', 'Caroline Aaron', 'Fred Ward', 'John Farley', 'Bob Zany', 'Bean Miller', 'Lee Walker', 'Que Kelly', 'Kathleen Randazzo', 'Liz Torres']",0,"['Dennie Gordon', 'David Spade', 'Fred Wolf', 'David Spade', 'Brittany Daniel', 'Dennis Miller', 'Dennie Gordon', 'David Spade', 'Fred Wolf', 'David Spade', 'Brittany Daniel', 'Dennis Miller']","['Columbia Pictures', 'Happy Madison Productions', 'Robert Simonds Productions', '']",['Film'],2001.0,2001.0
4213,https://www.imdb.com/title/tt0810913/,1.0741099938966987,Jack and Jill,"['20112011', 'PGPG', '1h 31m']",12,"['Dana Carvey', 'Adam Sandler', 'Norm MacDonald', 'Steve Koren', 'Tim Meadows', 'Tim Herlihy', 'David Spade', 'Robert Smigel']",8,['Comedy'],"['Adam Sandler', 'Katie Holmes', 'Al Pacino', 'Elodie Tougne', 'Rohan Chand', 'Eugenio Derbez', 'David Spade', 'Nick Swardson', 'Tim Meadows', 'Allen Covert', 'Norm MacDonald', 'Geoff Pierson', 'Valerie Mahaffey', 'Gary Valentine', 'Dana Carvey', 'Regis Philbin', 'Gad Elmaleh', 'Dan Patrick']",0,"['Dennis Dugan', 'Ben Zook', 'Steve Koren', 'Adam Sandler', 'Adam Sandler', 'Katie Holmes', 'Al Pacino', 'Dennis Dugan', 'Ben Zook', 'Steve Koren', 'Adam Sandler', 'Adam Sandler', 'Katie Holmes', 'Al Pacino']","['Columbia Pictures', 'Happy Madison Productions', 'Broken Road Productions', '']",['Film'],2011.0,2011.0
4214,https://www.imdb.com/title/tt1232200/,1.0742568143290503,That's My Boy,"['20122012', 'RR', '1h 56m']",8,"['Rachel Dratch', 'Adam Sandler', 'Andy Samberg', 'Ana Gasteyer', 'Colin Quinn', 'Tim Herlihy', 'Will Forte']",7,['Comedy'],"['Adam Sandler', 'Andy Samberg', 'Leighton Meester', 'Susan Sarandon', 'Vanilla Ice', 'James Caan', 'Milo Ventimiglia', 'Blake Clark', 'Meagen Fay', 'Tony Orlando', 'Will Forte', 'Rachel Dratch', 'Nick Swardson', 'Peggy Stewart', 'Luenell', 'Ciara', 'Ana Gasteyer', 'Eva Amurri']",0,"['Sean Anders', 'David Caspe', 'Adam Sandler', 'Andy Samberg', 'Leighton Meester', 'Sean Anders', 'David Caspe', 'Adam Sandler', 'Andy Samberg', 'Leighton Meester']","['Columbia Pictures', 'Happy Madison Productions', 'Relativity Media', '']",['Film'],2012.0,2012.0
4244,https://www.imdb.com/title/tt2479478/,1.205276234204767,The Ridiculous 6,"['20152015', 'TV-14TV-14', '1h 59m']",13,"['Chris Parnell', 'Adam Sandler', 'Norm MacDonald', 'Chris Kattan', 'Rob Schneider', 'Tim Herlihy', 'Jon Lovitz', 'Will Forte', 'David Spade']",9,"['Action', 'Adventure', 'Comedy']","['Adam Sandler', 'Terry Crews', 'Jorge Garcia', 'Taylor Lautner', 'Rob Schneider', 'Luke Wilson', 'Will Forte', 'Steve Zahn', 'Harvey Keitel', 'Nick Nolte', 'Jon Lovitz', 'Whitney Cummings', 'David Spade', 'Danny Trejo', 'Nick Swardson', 'Blake Shelton', 'Vanilla Ice', 'Julia Jones']",0,"['Frank Coraci', 'Tim Herlihy', 'Adam Sandler', 'Adam Sandler', 'Terry Crews', 'Jorge Garcia', 'Frank Coraci', 'Tim Herlihy', 'Adam Sandler', 'Adam Sandler', 'Terry Crews', 'Jorge Garcia']","['Eaves Movie Ranch', 'Happy Madison Productions', '']",['Film'],2015.0,2015.0
4255,https://www.imdb.com/title/tt0185431/,1.301430900095363,Little Nicky,"['20002000', 'PG-13PG-13', '1h 30m']",13,"['Kevin Nealon', 'Dana Carvey', 'Ellen Cleghorne', 'Fred Wolf', 'Adam Sandler', 'Michael McKean', 'Rob Schneider', 'Jon Lovitz', 'Tim Herlihy', 'Robert Smigel']",10,"['Comedy', 'Fantasy']","['Adam Sandler', 'Patricia Arquette', 'Harvey Keitel', 'Rhys Ifans', 'Tom Lister Jr.', 'Rodney Dangerfield', 'Allen Covert', 'Peter Dante', 'Jonathan Loughran', 'Robert Smigel', 'Reese Witherspoon', 'Dana Carvey', 'Jon Lovitz', 'Kevin Nealon', 'Michael McKean', 'Quentin Tarantino', 'Blake Clark', 'Rob Schneider']",0,"['Steven Brill', 'Tim Herlihy', 'Adam Sandler', 'Steven Brill', 'Adam Sandler', 'Patricia Arquette', 'Harvey Keitel', 'Steven Brill', 'Tim Herlihy', 'Adam Sandler', 'Steven Brill', 'Adam Sandler', 'Patricia Arquette', 'Harvey Keitel']","['Avery Pix', 'Happy Madison Productions', 'New Line Cinema', '']",['Film'],2000.0,2000.0
4270,https://www.imdb.com/title/tt0837562/,1.4223698765245318,Hotel Transylvania,"['20122012', 'PGPG', '1h 31m']",12,"['Chris Parnell', 'Molly Shannon', 'Rob Riggle', 'Adam Sandler', 'Andy Samberg', 'Jon Lovitz', 'Paul Brittain', 'David Spade', 'Robert Smigel']",9,"['Animation', 'Adventure', 'Comedy']","['Adam Sandler', 'Kevin James', 'Andy Samberg', 'Selena Gomez', 'Fran Drescher', 'Steve Buscemi', 'Molly Shannon', 'David Spade', 'CeeLo Green', 'Jon Lovitz', 'Brian George', 'Luenell', 'Brian Stack', 'Chris Parnell', 'Jackie Sandler', 'Sadie Sandler', 'Robert Smigel', 'Rob Riggle']",0,"['Genndy Tartakovsky', 'Peter Baynham', 'Robert Smigel', 'Todd Durham', 'Adam Sandler', 'Kevin James', 'Andy Samberg', 'Genndy Tartakovsky', 'Peter Baynham', 'Robert Smigel', 'Todd Durham', 'Adam Sandler', 'Kevin James', 'Andy Samberg']","['Columbia Pictures', 'Sony Pictures Animation', 'Happy Madison Productions', '']",['Film'],2012.0,2012.0
4271,https://www.imdb.com/title/tt1375670/,1.42459219210525,Grown Ups,"['20102010', 'PG-13PG-13', '1h 42m']",14,"['Steve Koren', 'Fred Wolf', 'Adam Sandler', 'Norm MacDonald', 'Maya Rudolph', 'Rob Schneider', 'Colin Quinn', 'Chris Rock', 'Tim Meadows', 'Tim Herlihy', 'David Spade']",11,['Comedy'],"['Adam Sandler', 'Salma Hayek', 'Kevin James', 'Chris Rock', 'David Spade', 'Rob Schneider', 'Maria Bello', 'Maya Rudolph', 'Joyce Van Patten', 'Ebony Jo-Ann', 'Di Quon', 'Steve Buscemi', 'Colin Quinn', 'Tim Meadows', 'Madison Riley', 'Jamie Chung', 'Ashley Loren', 'Jake Goldberg']",0,"['Dennis Dugan', 'Adam Sandler', 'Fred Wolf', 'Adam Sandler', 'Salma Hayek', 'Kevin James', 'Dennis Dugan', 'Adam Sandler', 'Fred Wolf', 'Adam Sandler', 'Salma Hayek', 'Kevin James']","['Columbia Pictures', 'Relativity Media', 'Happy Madison Productions', '']",['Film'],2010.0,2010.0
4334,https://www.imdb.com/title/tt5893332/,2.271187220650216,Sandy Wexler,"['20172017', 'TV-14TV-14', '2h 10m']",16,"[""Conan O'Brien"", 'Kevin Nealon', 'Janeane Garofalo', 'Dana Carvey', 'Chris Elliott', 'Lorne Michaels', 'Adam Sandler', 'Rob Schneider', 'Colin Quinn', 'Chris Rock', 'Jon Lovitz', 'Tim Herlihy', 'David Spade']",13,['Comedy'],"['Adam Sandler', 'Jennifer Hudson', 'Kevin James', 'Colin Quinn', 'Nick Swardson', 'Jackie Sandler', 'Terry Crews', 'Rob Schneider', 'Lamorne Morris', 'Aaron Neville', 'Jane Seymour', 'Sandy Wernick', 'Luis Guzmán', 'Sadie Sandler', 'Sunny Sandler', 'Jared Sandler', 'Arsenio Hall', 'Quincy Jones']",0,"['Steven Brill', 'Dan Bulla', 'Paul Sado', 'Adam Sandler', 'Adam Sandler', 'Jennifer Hudson', 'Kevin James', 'Steven Brill', 'Dan Bulla', 'Paul Sado', 'Adam Sandler', 'Adam Sandler', 'Jennifer Hudson', 'Kevin James']","['Happy Madison Productions', 'Netflix', '']",['Film'],2017.0,2017.0
4339,https://www.imdb.com/title/tt2191701/,2.3593168644926443,Grown Ups 2,"['20132013', 'PG-13PG-13', '1h 41m']",21,"['Akiva Schaffer', 'Bobby Moynihan', 'Colin Quinn', 'Paul Brittain', 'Fred Wolf', 'Maya Rudolph', 'Cheri Oteri', 'Chris Rock', 'Jon Lovitz', 'Tim Herlihy', 'David Spade', 'Taran Killam', 'Andy Samberg', 'Tim Meadows', 'Melanie Hutsell', 'Ellen Cleghorne', 'Adam Sandler', 'Jorma Taccone', 'Will Forte']",19,['Comedy'],"['Adam Sandler', 'Kevin James', 'Chris Rock', 'David Spade', 'Salma Hayek', 'Maya Rudolph', 'Maria Bello', 'Nick Swardson', 'Steve Buscemi', 'Colin Quinn', 'Tim Meadows', 'Jon Lovitz', ""Shaquille O'Neal"", 'Alexander Ludwig', 'Georgia Engel', 'Peter Dante', 'Oliver Hudson', 'Allen Covert']",0,"['Dennis Dugan', 'Fred Wolf', 'Adam Sandler', 'Tim Herlihy', 'Adam Sandler', 'Kevin James', 'Chris Rock', 'Dennis Dugan', 'Fred Wolf', 'Adam Sandler', 'Tim Herlihy', 'Adam Sandler', 'Kevin James', 'Chris Rock']","['Columbia Pictures', 'Happy Madison Productions', 'Sony Pictures Entertainment (SPE)', '']",['Film'],2013.0,2013.0
