person,current,year_start,year_end,num_seasons_total,num_seasons_writer,num_seasons_headwriter,num_seasons_actor,num_seasons_rep,num_seasons_featured,num_seasons_middle,num_seasons_weekend_update,num_episodes_weekend_updates,best_of,num_episodes_hosted,imdb_link,num_episodes_writer,num_episodes_actor,num_episodes_other,coefficient
Seth Meyers,False,2001,2014,13,9,9,13,11,2,0,8,154,0,1,https://www.imdb.com/name/nm1024878/?ref_=fn_nm_nm_1,189,253,2,0.2848145212211058
Colin Jost,True,2005,2022,18,18,8,9,7,2,0,9,151,0,0,https://www.imdb.com/name/nm1906042/?ref_=fn_nm_nm_1,340,181,3,0.21652064001903404
Michael Che,True,2013,2022,10,10,6,9,7,2,0,9,143,0,0,https://www.imdb.com/name/nm3846408/?ref_=fn_nm_nm_1,189,164,1,0.24586099214846538
Tina Fey,False,1997,2006,9,9,7,6,5,1,0,6,117,0,6,https://www.imdb.com/name/nm0275486/?ref_=fn_nm_nm_1,175,142,17,0.24282551153937665
Dennis Miller,False,1985,1991,6,0,0,6,6,0,0,6,111,0,0,https://www.imdb.com/name/nm0588222/?ref_=fn_nm_nm_1,0,111,0,0.12774357601713063
Jimmy Fallon,False,1998,2004,6,0,0,6,5,1,0,4,80,1,3,https://www.imdb.com/name/nm0266422/?ref_=fn_nm_nm_0,0,126,11,0.1240729835831549
Amy Poehler,False,2001,2008,8,0,0,8,8,0,0,5,80,1,2,https://www.imdb.com/name/nm0688132/?ref_=fn_nm_nm_0,0,146,7,0.12934511063526052
Jane Curtin,False,1975,1980,5,0,0,5,5,0,0,4,78,0,0,https://www.imdb.com/name/nm0004852/?ref_=fn_nm_nm_1,0,104,3,0.12062053890078514
Norm MacDonald,False,1993,1998,5,1,0,5,4,1,0,4,69,0,1,https://www.imdb.com/name/nm0005172/?ref_=fn_nm_nm_0,20,94,3,0.11929933975731619
Kevin Nealon,False,1986,1995,9,1,0,9,8,1,0,3,60,0,0,https://www.imdb.com/name/nm0005265/?ref_=fn_nm_nm_0,20,170,6,0.13190295622174636
Colin Quinn,False,1995,2000,5,2,0,5,3,2,0,3,50,0,0,https://www.imdb.com/name/nm0703800/?ref_=fn_nm_nm_0,40,86,4,0.11664516416845111
Bill Murray,False,1976,1980,4,1,0,4,4,0,0,0,40,0,5,https://www.imdb.com/name/nm0000195/?ref_=fn_nm_nm_0,12,75,6,0.11139900071377587
Chevy Chase,False,1975,1977,2,2,0,2,2,0,0,2,32,1,8,https://www.imdb.com/name/nm0000331/?ref_=fn_nm_nm_0,33,36,18,0.1060233761598858
Brad Hall,False,1982,1984,2,0,0,2,2,0,0,2,28,0,0,https://www.imdb.com/name/nm0355357/?ref_=fn_nm_nm_1,0,40,1,0.1015319414703783
Cecily Strong,True,2012,2023,11,0,0,11,10,1,0,1,21,0,0,https://www.imdb.com/name/nm5198446/?ref_=fn_nm_nm_1,0,202,4,0.1293549656089806
Dan Aykroyd,False,1975,1979,4,3,0,4,4,0,0,1,20,1,1,https://www.imdb.com/name/nm0000101/?ref_=fn_nm_nm_0,63,97,2,0.11679514632405424
Brian Doyle-Murray,False,1977,1982,5,5,0,2,2,0,0,1,20,0,0,https://www.imdb.com/name/nm0236519/?ref_=fn_nm_nm_1,79,52,1,0.06015372947894361
Charles Rocket,False,1980,1981,1,0,0,1,1,0,0,1,12,0,0,https://www.imdb.com/name/nm0734236/?ref_=fn_nm_nm_1,0,12,0,0.09444637758743754
Christopher Guest,False,1984,1985,1,1,0,1,1,0,0,1,10,0,0,https://www.imdb.com/name/nm0001302/?ref_=fn_nm_nm_0,18,19,6,0.09726757673090648
Mary Gross,False,1981,1985,4,1,0,4,4,0,0,1,7,0,0,https://www.imdb.com/name/nm0343444/?ref_=fn_nm_nm_0,19,73,4,0.10662384011420414
Christine Ebersole,False,1981,1982,1,0,0,1,1,0,0,1,6,0,0,https://www.imdb.com/name/nm0002056/?ref_=fn_nm_nm_0,0,18,2,0.09427507137758744
Gail Matthius,False,1980,1981,1,0,0,1,1,0,0,1,6,0,0,https://www.imdb.com/name/nm0560257/?ref_=fn_nm_nm_0,0,13,0,0.09360590649536045
Billy Crystal,False,1984,1985,1,1,0,1,1,0,0,2,3,0,3,https://www.imdb.com/name/nm0000345/?ref_=fn_nm_nm_1,17,19,4,0.09597207351891505
Horatio Sanz,False,1998,2006,8,0,0,8,7,1,0,1,2,0,0,https://www.imdb.com/name/nm0764445/?ref_=fn_nm_nm_0,0,159,2,0.117660153461813
Joe Piscopo,False,1980,1984,4,2,0,4,4,0,0,1,1,0,0,https://www.imdb.com/name/nm0685472/?ref_=fn_nm_nm_1,38,68,5,0.10730906495360457
Garrett Morris,False,1975,1980,5,0,0,5,5,0,0,0,0,0,0,https://www.imdb.com/name/nm0606541/?ref_=fn_nm_nm_0,1,99,11,0.10781004639543183
Fred Wolf,False,1991,1996,5,4,1,2,0,2,0,0,0,0,0,https://www.imdb.com/name/nm0937748/?ref_=fn_nm_nm_0,96,19,5,0.08298777658815132
James Downey (I),False,1976,2014,29,29,9,1,0,1,0,0,0,0,0,https://www.imdb.com/name/nm0235999/?ref_=fn_al_nm_0,559,89,244,0.16301550308892662
Tom Davis (I),False,1975,2003,15,15,0,3,0,3,0,0,0,0,0,https://www.imdb.com/name/nm0205569/?ref_=fn_nm_nm_1,279,156,158,0.08892050321199144
Al Franken,False,1977,1995,15,15,0,11,0,11,0,0,0,0,0,https://www.imdb.com/name/nm0291253/?ref_=fn_nm_nm_0,301,118,201,0.133317005710207
Tom Schiller,False,1975,1990,7,7,0,1,0,1,0,0,0,0,0,https://www.imdb.com/name/nm0771680/?ref_=fn_nm_nm_0,145,71,25,0.04592274650759662
A. Whitney Brown,False,1985,1991,6,6,0,6,0,6,0,0,0,0,0,https://www.imdb.com/name/nm0112944/?ref_=fn_nm_nm_1,111,43,23,0.110232869379015
Michael O'Donoghue,False,1975,1982,6,6,5,1,1,0,0,0,0,0,0,https://www.imdb.com/name/nm0640874/?ref_=fn_nm_nm_1,94,35,12,0.16195128479657386
Mikey Day,True,2013,2023,10,4,0,7,5,2,0,0,0,0,0,https://www.imdb.com/name/nm1510062/?ref_=fn_nm_nm_1,63,123,2,0.09503443968593862
Phil Hartman,False,1986,1994,8,3,0,8,8,0,0,0,0,1,2,https://www.imdb.com/name/nm0367005/?ref_=fn_nm_nm_0,0,152,15,0.11745003568879371
Jim Belushi,False,1983,1985,2,2,0,2,2,0,0,0,0,0,0,https://www.imdb.com/name/nm0000902/?ref_=fn_nm_nm_1,33,33,2,0.10008654532476803
Andrew Dismukes,True,2017,2023,5,3,0,3,0,3,0,0,0,0,0,https://www.imdb.com/name/nm8608160/?ref_=fn_nm_nm_0,64,40,3,0.06875115988579586
Robin Duke,False,1981,1984,4,2,0,4,4,0,0,0,0,0,0,https://www.imdb.com/name/nm0241208/?ref_=fn_nm_nm_1,39,59,2,0.10607780157030693
Leslie Jones,False,2013,2019,6,2,0,5,3,2,0,0,0,0,0,https://www.imdb.com/name/nm0428656/?ref_=fn_nm_nm_1,32,105,0,0.09628033547466097
Peter Aykroyd,False,1979,1980,1,1,0,1,0,1,0,0,0,0,0,https://www.imdb.com/name/nm0043839/?ref_=fn_nm_nm_1,20,16,0,0.09036714846538188
John Belushi,False,1975,1979,4,1,0,4,4,0,0,0,0,1,0,https://www.imdb.com/name/nm0000004/?ref_=fn_nm_nm_1,23,83,6,0.10725553176302641
Rich Hall,False,1984,1985,1,1,0,1,1,0,0,0,0,0,0,https://www.imdb.com/name/nm0356025/?ref_=fn_nm_nm_1,18,16,2,0.09518513561741612
Fred Armisen,False,2002,2013,11,0,0,11,9,2,0,0,0,0,1,https://www.imdb.com/name/nm0035488/?ref_=fn_nm_nm_0,0,237,7,0.12991755077542017
Morwenna Banks,False,1995,1995,1,0,0,1,1,0,0,0,0,0,0,https://www.imdb.com/name/nm0052218/?ref_=fn_nm_nm_1,0,3,1,0.09143781227694503
Vanessa Bayer,False,2010,2017,7,0,0,7,5,2,0,0,0,0,0,https://www.imdb.com/name/nm3364779/?ref_=fn_nm_nm_0,0,149,1,0.11423568624451921
Beck Bennett,False,2013,2021,8,0,0,8,6,2,0,0,0,0,0,https://www.imdb.com/name/nm3080722/?ref_=fn_nm_nm_0,0,164,0,0.11727605281941471
Jim Breuer,False,1995,1998,3,0,0,3,3,0,0,0,0,0,0,https://www.imdb.com/name/nm0108028/?ref_=fn_nm_nm_1,0,57,3,0.10022350107066381
Paul Brittain,False,2010,2012,2,0,0,2,0,2,0,0,0,0,0,https://www.imdb.com/name/nm4204968/?ref_=fn_nm_nm_0,0,34,0,0.09126962883654534
Aidy Bryant,False,2012,2022,10,0,0,10,9,1,0,0,0,0,0,https://www.imdb.com/name/nm5262775/?ref_=fn_nm_nm_1,0,203,3,0.1249916131334761
Beth Cahill,False,1991,1992,1,0,0,1,0,1,0,0,0,0,0,https://www.imdb.com/name/nm0128639/?ref_=fn_nm_nm_1,0,13,0,0.08764230906495361
Dana Carvey,False,1986,1993,7,0,0,7,7,0,0,0,0,1,4,https://www.imdb.com/name/nm0001022/?ref_=fn_nm_nm_0,0,130,8,0.11351222341184868
Ellen Cleghorne,False,1991,1995,4,0,0,4,2,0,2,0,0,0,0,https://www.imdb.com/name/nm0165971/?ref_=fn_nm_nm_0,0,77,3,0.10122769450392577
George Coe,False,1975,1975,1,0,0,1,1,0,0,0,0,0,0,https://www.imdb.com/name/nm0168642/?ref_=fn_nm_nm_1,0,10,0,0.0922729300499643
Joan Cusack,False,1985,1986,1,0,0,1,1,0,0,0,0,0,0,https://www.imdb.com/name/nm0000349/?ref_=fn_nm_nm_1,0,17,1,0.09316158101356173
Pete Davidson,False,2014,2022,8,0,0,8,6,2,0,0,0,0,0,https://www.imdb.com/name/nm0203457/?ref_=fn_nm_nm_1,0,160,4,0.11689061384725197
Denny Dillon,False,1980,1981,1,0,0,1,1,0,0,0,0,0,0,https://www.imdb.com/name/nm0226986/?ref_=fn_nm_nm_0,0,13,0,0.0926423090649536
Robert Downey Jr.,False,1985,1986,1,0,0,1,1,0,0,0,0,0,1,https://www.imdb.com/name/nm0000375/?ref_=fn_nm_nm_1,0,16,3,0.09309198786581013
Rachel Dratch,False,1999,2006,7,0,0,7,5,2,0,0,0,0,0,https://www.imdb.com/name/nm0237222/?ref_=fn_nm_nm_0,0,145,6,0.11387701386764557
Nora Dunn,False,1985,1990,5,0,0,5,5,0,0,0,0,0,0,https://www.imdb.com/name/nm0004887/?ref_=fn_nm_nm_1,0,88,3,0.10612375089221984
Dean Edwards,False,2001,2003,2,0,0,2,0,2,0,0,0,0,0,https://www.imdb.com/name/nm0249931/?ref_=fn_nm_nm_1,0,40,0,0.09200838686652392
Abby Elliott,False,2008,2012,4,0,0,4,2,2,0,0,0,0,0,https://www.imdb.com/name/nm2212031/?ref_=fn_nm_nm_0,0,81,0,0.10163990007137759
Chris Elliott,False,1994,1995,1,0,0,1,1,0,0,0,0,0,0,https://www.imdb.com/name/nm0254402/?ref_=fn_nm_nm_0,0,19,1,0.09340783369022126
Siobhan Fallon Hogan,False,1991,1992,1,0,0,1,0,0,1,0,0,0,0,https://www.imdb.com/name/nm0266441/?ref_=fn_nm_nm_0,0,20,0,0.08850419343326196
Chris Farley,False,1990,1995,5,0,0,5,5,0,1,0,0,1,1,https://www.imdb.com/name/nm0000394/?ref_=fn_nm_nm_0,0,96,7,0.12421582798001427
Will Ferrell,False,1995,2002,7,0,0,7,7,0,0,0,0,1,5,https://www.imdb.com/name/nm0002071/?ref_=fn_nm_nm_1,0,140,11,0.11482378658101355
Chloe Fineman,True,2019,2023,4,0,0,4,2,2,0,0,0,0,0,https://www.imdb.com/name/nm4806887/?ref_=fn_nm_nm_1,0,55,4,0.09854568165596003
Will Forte,False,2002,2010,8,0,0,8,7,1,0,0,0,0,0,https://www.imdb.com/name/nm0287182/?ref_=fn_nm_nm_1,0,156,4,0.11702310849393291
Heidi Gardner,True,2017,2023,6,0,0,6,4,2,0,0,0,0,0,https://www.imdb.com/name/nm5906920/?ref_=fn_nm_nm_1,0,99,2,0.10682637401855818
Janeane Garofalo,False,1994,1995,1,0,0,1,1,0,0,0,0,0,0,https://www.imdb.com/name/nm0000413/?ref_=fn_nm_nm_1,0,14,0,0.09276543540328336
Ana Gasteyer,False,1996,2002,6,0,0,6,6,0,0,0,0,0,0,https://www.imdb.com/name/nm0309430/?ref_=fn_nm_nm_1,0,121,4,0.11125535331905782
Gilbert Gottfried,False,1980,1981,1,0,0,1,1,0,0,0,0,0,0,https://www.imdb.com/name/nm0331906/?ref_=fn_nm_nm_1,0,13,0,0.0926423090649536
Bill Hader,False,2005,2013,8,0,0,8,7,1,0,0,0,0,2,https://www.imdb.com/name/nm0352778/?ref_=fn_nm_nm_1,4,161,6,0.11816336545324768
Anthony Michael Hall,False,1985,1986,1,0,0,1,1,0,0,0,0,0,0,https://www.imdb.com/name/nm0001309/?ref_=fn_nm_nm_1,0,12,6,0.09267978229835831
Darrell Hammond,False,1995,2009,14,0,0,14,14,0,0,0,0,0,0,https://www.imdb.com/name/nm0358669/?ref_=fn_nm_nm_1,0,313,128,0.14654800142755176
Lauren Holt,False,2020,2021,1,0,0,1,0,1,0,0,0,0,0,https://www.imdb.com/name/nm7576527/?ref_=fn_nm_nm_1,0,20,0,0.08850419343326196
Jan Hooks,False,1986,1991,5,0,0,5,5,0,0,0,0,0,0,https://www.imdb.com/name/nm0393660/?ref_=fn_nm_nm_0,0,100,4,0.10762803354746608
Yvonne Hudson,False,1980,1981,1,0,0,1,0,1,0,0,0,0,0,https://www.imdb.com/name/nm0399994/?ref_=fn_nm_nm_1,0,31,0,0.08985858315488937
Melanie Hutsell,False,1991,1994,3,0,0,3,1,2,0,0,0,0,0,https://www.imdb.com/name/nm0404525/?ref_=fn_nm_nm_0,0,53,2,0.09637089578872235
Victoria Jackson,False,1986,1992,6,0,0,6,6,0,0,0,0,0,0,https://www.imdb.com/name/nm0414130/?ref_=fn_nm_nm_1,0,109,5,0.10980460385438973
Punkie Johnson,True,2020,2023,3,0,0,3,0,3,0,0,0,0,0,https://www.imdb.com/name/nm9790618/?ref_=fn_nm_nm_0,0,40,1,0.09307682012847966
Chris Kattan,False,1996,2003,8,0,0,8,7,1,0,0,0,1,0,https://www.imdb.com/name/nm0441592/?ref_=fn_nm_nm_0,0,148,4,0.11603809778729479
Taran Killam,False,2010,2016,6,0,0,6,4,2,0,0,0,0,0,https://www.imdb.com/name/nm0453115/?ref_=fn_nm_nm_1,0,128,0,0.11034350463954319
David Koechner,False,1995,1996,1,0,0,1,1,0,0,0,0,0,0,https://www.imdb.com/name/nm0462712/?ref_=fn_nm_nm_0,0,21,0,0.09362731977159171
Gary Kroeger,False,1982,1985,3,0,0,3,3,0,0,0,0,0,0,https://www.imdb.com/name/nm0471856/?ref_=fn_nm_nm_1,0,56,1,0.10004684154175589
Matthew Laurance,False,1980,1981,1,0,0,1,0,1,0,0,0,0,0,https://www.imdb.com/name/nm0491005/?ref_=fn_nm_nm_1,0,9,1,0.08717657030692363
Julia Louis-Dreyfus,False,1982,1985,3,0,0,3,3,0,0,0,0,0,3,https://www.imdb.com/name/nm0000506/?ref_=fn_nm_nm_0,0,57,3,0.10022350107066381
Jon Lovitz,False,1985,1990,5,0,0,5,5,0,0,0,0,1,1,https://www.imdb.com/name/nm0001484/?ref_=fn_nm_nm_0,0,91,10,0.10668049607423269
Michael McKean,False,1994,1995,2,0,0,2,2,0,0,0,0,0,1,https://www.imdb.com/name/nm0571106/?ref_=fn_nm_nm_0,0,27,3,0.09548804425410422
Mark McKinney,False,1985,1997,4,1,0,3,3,0,0,0,0,0,0,https://www.imdb.com/name/nm0571897/?ref_=fn_nm_nm_1,0,70,2,0.08033904354032834
Kate McKinnon,False,2012,2022,11,0,0,11,9,2,0,0,0,0,0,https://www.imdb.com/name/nm0571952/?ref_=fn_nm_nm_1,0,207,4,0.12614346083966
Tim Meadows,False,1991,2000,10,1,0,10,10,0,0,0,0,1,0,https://www.imdb.com/name/nm0005218/?ref_=fn_nm_nm_1,20,182,8,0.12539525339043542
Laurie Metcalf,False,1981,1981,1,0,0,1,0,1,0,0,0,0,0,https://www.imdb.com/name/nm0582418/?ref_=fn_nm_nm_0,0,1,1,0.08619155960028552
John Milhiser,False,2013,2014,1,0,0,1,0,1,0,0,0,0,0,https://www.imdb.com/name/nm2275887/?ref_=fn_nm_nm_1,0,21,1,0.0886540863668808
Jerry Minor,False,2000,2001,1,1,0,1,0,1,0,0,0,0,0,https://www.imdb.com/name/nm0591576/?ref_=fn_nm_nm_0,20,20,0,0.09085965381870093
Finesse Mitchell,False,2003,2006,3,0,0,3,1,2,0,0,0,0,0,https://www.imdb.com/name/nm1459509/?ref_=fn_nm_nm_0,0,59,0,0.09705612062812277
Alex Moffat,False,2016,2022,6,0,0,6,4,2,0,0,0,0,0,https://www.imdb.com/name/nm5803981/?ref_=fn_nm_nm_1,0,120,2,0.10941202712348323
Jay Mohr,False,1993,1995,2,1,0,2,0,2,0,0,0,0,0,https://www.imdb.com/name/nm0001542/?ref_=fn_nm_nm_0,20,39,0,0.09424072091363313
Kyle Mooney,False,2013,2022,9,0,0,9,7,2,0,0,0,0,0,https://www.imdb.com/name/nm3324982/?ref_=fn_nm_nm_1,0,182,3,0.12075318225077325
Tracy Morgan,False,1996,2003,7,0,0,7,7,0,0,0,0,1,2,https://www.imdb.com/name/nm0605079/?ref_=fn_nm_nm_1,0,142,13,0.11512357244825125
Bobby Moynihan,False,2008,2017,9,0,0,9,7,2,0,0,0,0,0,https://www.imdb.com/name/nm1293885/?ref_=fn_nm_nm_1,0,193,1,0.1220540387818225
Eddie Murphy,False,1980,1984,4,2,0,4,3,1,0,0,0,1,3,https://www.imdb.com/name/nm0000552/?ref_=fn_nm_nm_1,39,66,6,0.1057967523197716
Mike Myers,False,1989,1995,7,2,0,7,7,1,0,0,0,1,1,https://www.imdb.com/name/nm0000196/?ref_=fn_nm_nm_0,32,118,5,0.1278660013255838
Laraine Newman,False,1975,1980,5,0,0,5,5,0,0,0,0,0,0,https://www.imdb.com/name/nm0628170/?ref_=fn_nm_nm_0,0,104,3,0.10809377230549606
Don Novello,False,1977,1986,4,4,0,2,0,2,0,0,0,0,1,https://www.imdb.com/name/nm0637038/?ref_=fn_nm_nm_1,71,39,0,0.05983047822983584
Luke Null,False,2017,2018,1,0,0,1,0,1,0,0,0,0,0,https://www.imdb.com/name/nm3760937/?ref_=fn_nm_nm_0,0,21,0,0.08862731977159172
Ego Nwodim,True,2018,2023,5,0,0,5,3,2,0,0,0,0,0,https://www.imdb.com/name/nm4945455/?ref_=fn_nm_nm_0,0,78,2,0.10286572091363312
Michael Patrick O'Brien (II),False,2009,2015,6,5,0,1,0,1,0,0,0,0,0,https://www.imdb.com/name/nm3653190/?ref_=fn_nm_nm_1,103,44,0,0.037964846538187005
Cheri Oteri,False,1995,2000,5,0,0,5,5,0,0,0,0,1,0,https://www.imdb.com/name/nm0652783/?ref_=fn_nm_nm_1,0,98,2,0.1073282476802284
Chris Parnell,False,1998,2006,8,0,0,8,7,1,0,0,0,0,0,https://www.imdb.com/name/nm0663177/?ref_=fn_nm_nm_0,0,148,3,0.11601133119200571
Nasim Pedrad,False,2009,2014,5,0,0,5,3,2,0,0,0,0,0,https://www.imdb.com/name/nm1840659/?ref_=fn_nm_nm_1,0,109,0,0.10662910421127766
Jay Pharoah,False,2010,2016,6,0,0,6,4,2,0,0,0,0,0,https://www.imdb.com/name/nm3982894/?ref_=fn_nm_nm_1,0,128,1,0.11037027123483227
Emily Prager,False,1981,1981,1,0,0,1,0,1,0,0,0,0,0,https://www.imdb.com/name/nm0695104/?ref_=fn_nm_nm_0,0,4,1,0.08656093861527481
Randy Quaid,False,1985,1986,1,0,0,1,1,0,0,0,0,0,0,https://www.imdb.com/name/nm0001642/?ref_=fn_nm_nm_0,0,18,1,0.0932847073518915
Gilda Radner,False,1975,1980,5,0,0,5,5,0,0,0,0,1,0,https://www.imdb.com/name/nm0705717/?ref_=fn_nm_nm_0,3,107,2,0.10878970378301213
Chris Redd,False,2017,2022,5,0,0,5,3,2,0,0,0,0,0,https://www.imdb.com/name/nm5412083/?ref_=fn_nm_nm_1,0,100,1,0.10554773376159886
Jeff Richards (III),False,2001,2004,3,0,0,3,1,2,0,0,0,0,0,https://www.imdb.com/name/nm0724145/?ref_=fn_al_nm_2,0,50,0,0.0959479835831549
Rob Riggle,False,2004,2005,1,0,0,1,0,1,0,0,0,0,0,https://www.imdb.com/name/nm1443527/?ref_=fn_nm_nm_0,0,21,0,0.08862731977159172
Ann Risley,False,1980,1981,1,0,0,1,1,0,0,0,0,0,0,https://www.imdb.com/name/nm0728315/?ref_=fn_nm_nm_0,0,12,0,0.09251918272662384
Chris Rock,False,1990,1993,3,0,0,3,2,0,1,0,0,1,3,https://www.imdb.com/name/nm0001674/?ref_=fn_nm_nm_0,0,57,17,0.09893156673804426
Jon Rudnitsky,False,2015,2016,1,0,0,1,0,1,0,0,0,0,0,https://www.imdb.com/name/nm4339544/?ref_=fn_nm_nm_0,0,21,0,0.08862731977159172
Maya Rudolph,False,2000,2007,9,0,0,9,7,2,0,0,0,0,2,https://www.imdb.com/name/nm0748973/?ref_=fn_nm_nm_1,0,162,8,0.11842448846062337
Andy Samberg,False,2005,2012,7,0,0,7,6,1,0,0,0,0,1,https://www.imdb.com/name/nm1676221/?ref_=fn_nm_nm_1,17,140,5,0.11595104262261649
Paul Shaffer,False,1979,1980,1,0,0,1,0,1,0,0,0,0,1,https://www.imdb.com/name/nm0787238/?ref_=fn_nm_nm_1,0,27,33,0.09024937544610992
Molly Shannon,False,1995,2001,7,0,0,7,6,1,0,0,0,1,1,https://www.imdb.com/name/nm0788340/?ref_=fn_nm_nm_1,0,117,7,0.11117052870398694
Jenny Slate,False,2009,2010,1,0,0,1,0,1,0,0,0,0,0,https://www.imdb.com/name/nm2809577/?ref_=fn_nm_nm_1,0,22,0,0.08875044610992149
Pamela Stephenson,False,1984,1985,1,0,0,1,1,0,0,0,0,0,0,https://www.imdb.com/name/nm0827298/?ref_=fn_nm_nm_1,0,18,0,0.09325794075660242
Ben Stiller,False,1989,1990,1,1,0,1,0,1,0,0,0,0,2,https://www.imdb.com/name/nm0001774/?ref_=fn_nm_nm_0,0,13,3,0.08772260885082084
Julia Sweeney,False,1990,1994,4,0,0,4,3,0,1,0,0,0,0,https://www.imdb.com/name/nm0842140/?ref_=fn_nm_nm_0,0,78,2,0.10257405424696646
Kenan Thompson,False,2003,2023,20,0,0,20,18,2,0,0,0,0,0,https://www.imdb.com/name/nm0860380/?ref_=fn_nm_nm_0,0,383,2,0.1575442541042113
Danitra Vance,False,1985,1986,1,0,0,1,1,0,0,0,0,0,0,https://www.imdb.com/name/nm0888503/?ref_=fn_nm_nm_0,0,17,1,0.09316158101356173
Melissa Villaseñor,False,2016,2022,6,0,0,6,4,2,0,0,0,0,0,https://www.imdb.com/name/nm3830257/?ref_=fn_nm_nm_1,0,120,2,0.10941202712348323
Dan Vitale,False,1985,1986,1,0,0,1,0,1,0,0,0,0,0,https://www.imdb.com/name/nm0899865/?ref_=fn_nm_nm_0,0,4,0,0.08653417201998573
Nancy Carell,False,1995,1996,1,0,0,1,1,0,0,0,0,0,0,https://www.imdb.com/name/nm0909391/?ref_=fn_nm_nm_0,0,17,5,0.09326864739471805
Michaela Watkins,False,2008,2009,1,0,0,1,0,1,0,0,0,0,0,https://www.imdb.com/name/nm1143861/?ref_=fn_nm_nm_1,0,15,0,0.08788856174161314
Damon Wayans,False,1985,1986,1,0,0,1,0,1,0,0,0,0,1,https://www.imdb.com/name/nm0001834/?ref_=fn_nm_nm_1,0,11,2,0.08744958957887224
Patrick Weathers,False,1980,1981,1,0,0,1,0,1,0,0,0,0,0,https://www.imdb.com/name/nm0915778/?ref_=fn_nm_nm_0,0,10,0,0.08727293004996431
Noël Wells,False,2013,2014,1,0,0,1,0,1,0,0,0,0,0,https://www.imdb.com/name/nm3644706/?ref_=fn_nm_nm_1,0,21,0,0.08862731977159172
Brooks Wheelan,False,2013,2014,1,0,0,1,0,1,0,0,0,0,0,https://www.imdb.com/name/nm5120390/?ref_=fn_nm_nm_1,0,21,1,0.0886540863668808
Kristen Wiig,False,2005,2012,7,0,0,7,6,1,0,0,0,0,4,https://www.imdb.com/name/nm1325419/?ref_=fn_nm_nm_1,0,139,9,0.11393284133781992
Casey Wilson,False,2008,2009,2,0,0,2,0,2,0,0,0,0,0,https://www.imdb.com/name/nm1988111/?ref_=fn_nm_nm_1,0,30,0,0.09077712348322628
Sasheer Zamata,False,2014,2017,4,0,0,4,3,1,0,0,0,0,0,https://www.imdb.com/name/nm3550886/?ref_=fn_nm_nm_1,0,74,0,0.10202801570306924
Alan Zweibel,False,1980,1980,1,5,0,1,0,1,0,0,0,0,0,https://www.imdb.com/name/nm0958993/?ref_=fn_nm_nm_1,110,52,0,0.10539926837972877
Tim Kazurinsky,False,1981,1984,4,3,0,4,4,0,0,0,0,0,0,https://www.imdb.com/name/nm0443730/?ref_=fn_nm_nm_0,60,57,5,0.10838508208422555
Laura Kightlinger,False,1994,1995,1,1,0,1,0,1,0,0,0,0,0,https://www.imdb.com/name/nm0452716/?ref_=fn_nm_nm_0,20,19,1,0.09076329407566025
Tim Robinson,False,2012,2016,4,3,0,1,0,1,0,0,0,0,0,https://www.imdb.com/name/nm4200503/?ref_=fn_nm_nm_0,68,21,0,0.03601088508208423
Tony Rosato,False,1981,1982,1,1,0,1,1,0,0,0,0,0,0,https://www.imdb.com/name/nm0711014/?ref_=fn_nm_nm_1,21,20,1,0.09600419343326194
Adam Sandler,False,1990,1995,6,3,0,6,2,3,1,0,0,1,1,https://www.imdb.com/name/nm0001191/?ref_=fn_nm_nm_1,60,87,10,0.1109627052105639
Rob Schneider,False,1989,1994,5,3,0,5,2,2,1,0,0,0,0,https://www.imdb.com/name/nm0001705/?ref_=fn_nm_nm_1,56,80,4,0.10876079586009993
Harry Shearer,False,1979,1985,2,2,0,2,2,0,0,0,0,0,0,https://www.imdb.com/name/nm0733427/?ref_=fn_nm_nm_0,31,38,2,0.10046663097787295
Martin Short,False,1984,1985,1,1,0,1,1,0,0,0,0,0,3,https://www.imdb.com/name/nm0001737/?ref_=fn_nm_nm_1,17,25,5,0.0962557994289793
Sarah Silverman,False,1993,1994,1,1,0,1,0,1,0,0,0,0,1,https://www.imdb.com/name/nm0798971/?ref_=fn_nm_nm_1,20,18,1,0.09064016773733048
Robert Smigel,False,1985,2008,23,23,0,2,0,2,0,0,0,0,0,https://www.imdb.com/name/nm0806912/?ref_=fn_nm_nm_0,425,114,140,0.09918689678180181
David Spade,False,1989,1996,7,3,0,7,3,3,1,0,0,1,2,https://www.imdb.com/name/nm0005450/?ref_=fn_nm_nm_1,57,77,46,0.11185957734271437
Jason Sudeikis,False,2003,2013,10,2,0,9,8,1,0,0,0,0,0,https://www.imdb.com/name/nm0837177/?ref_=fn_nm_nm_0,37,177,2,0.11712116345467524
Terry Sweeney,False,1980,1986,3,2,0,1,1,0,0,0,0,0,0,https://www.imdb.com/name/nm0842202/?ref_=fn_nm_nm_1,31,18,1,0.03901900428265525
Bowen Yang,True,2019,2023,5,1,0,4,2,2,0,0,0,0,0,https://www.imdb.com/name/nm6299248/?ref_=fn_nm_nm_1,0,59,0,0.08247278729478943
Anne Beatts,False,1975,1980,5,5,0,0,0,0,0,0,0,0,0,https://www.imdb.com/name/nm0064186/?ref_=fn_nm_nm_0,108,41,0,0.022975999286224125
Lorne Michaels,True,1975,2023,43,43,1,0,0,0,0,0,0,0,0,https://www.imdb.com/name/nm0584427/?ref_=fn_nm_nm_1,833,6,915,1
Marilyn Suzanne Miller,False,1975,1995,7,7,0,0,0,0,0,0,0,0,0,https://www.imdb.com/name/nm0588897/?ref_=fn_nm_nm_0,137,21,1,0.02603899000713776
Herbert Sargent,False,1975,1995,17,17,2,0,0,0,0,0,0,0,0,https://www.imdb.com/name/nm0765109/?ref_=fn_nm_nm_0,319,0,0,0.07292498530461436
Rosie Shuster,False,1975,1988,8,8,0,0,0,0,0,0,0,0,0,https://www.imdb.com/name/nm0776874/?ref_=fn_nm_nm_1,161,44,1,0.03273911491791577
Bruce McCall (I),False,1976,1977,1,1,0,0,0,0,0,0,0,0,0,https://www.imdb.com/name/nm0564620/?ref_=fn_al_nm_0,7,0,0,0.001866077801570307
Neil Levy,False,1977,1978,1,1,0,0,0,0,0,0,0,0,0,https://www.imdb.com/name/nm0506561/?ref_=fn_nm_nm_1,16,53,3,0.009532030692362598
Brian McConnachie,False,1978,1979,1,1,0,0,0,0,0,0,0,0,0,https://www.imdb.com/name/nm0566234/?ref_=fn_nm_nm_1,23,3,0,0.004119825124910778
Walter Williams,False,1978,1979,1,1,0,0,0,0,0,0,0,0,0,https://www.imdb.com/name/nm0931906/?ref_=fn_nm_nm_1,23,25,25,0.007497769450392577
Tom Gammill,False,1979,1980,1,1,0,0,0,0,0,0,0,0,0,https://www.imdb.com/name/nm0303991/?ref_=fn_nm_nm_1,20,12,0,0.004874643112062812
Matt Neuman,False,1979,1981,2,2,0,0,0,0,0,0,0,0,0,https://www.imdb.com/name/nm1238470/?ref_=fn_nm_nm_0,21,1,0,0.004679693076374019
Sarah Paley,False,1979,1980,1,1,0,0,0,0,0,0,0,0,0,https://www.imdb.com/name/nm1238548/?ref_=fn_nm_nm_0,20,10,0,0.004628390435403283
Max Pross,False,1979,1980,1,1,0,0,0,0,0,0,0,0,0,https://www.imdb.com/name/nm0698795/?ref_=fn_nm_nm_0,20,14,1,0.005147662384011421
Larry Arnstein,False,1980,1981,1,1,0,0,0,0,0,0,0,0,0,https://www.imdb.com/name/nm0036784/?ref_=fn_nm_nm_1,12,0,0,0.0024549428979300496
Barry W. Blaustein,False,1980,1983,3,3,0,0,0,0,0,0,0,0,0,https://www.imdb.com/name/nm0087904/?ref_=fn_nm_nm_1,56,1,22,0.01043228051391863
Billy Brown (X),False,1980,1981,1,1,0,0,0,0,0,0,0,0,0,https://www.imdb.com/name/nm0113126/?ref_=fn_nm_nm_1,13,0,0,0.0025727159172019985
Ferris Butler,False,1980,1981,1,1,0,0,0,0,0,0,0,0,0,https://www.imdb.com/name/nm2953521/?ref_=fn_nm_nm_1,12,0,0,0.0024549428979300496
John DeBellis,False,1980,1981,1,1,0,0,0,0,0,0,0,0,0,https://www.imdb.com/name/nm0213377/?ref_=fn_nm_nm_0,12,0,0,0.0024549428979300496
Jean Doumanian,False,1980,1981,1,1,0,0,0,0,0,0,0,0,0,https://www.imdb.com/name/nm0235389/?ref_=fn_nm_nm_1,13,0,109,0.005490274803711634
Nancy Dowd,False,1980,1981,1,1,0,0,0,0,0,0,0,0,0,https://www.imdb.com/name/nm0235683/?ref_=fn_nm_nm_0,2,0,0,0.0012772127052105638
Leslie Fuller (III),False,1980,1981,1,1,0,0,0,0,0,0,0,0,0,https://www.imdb.com/name/nm1392887/?ref_=fn_al_nm_2,10,0,0,0.0022193968593861527
Mel Green (II),False,1980,1981,1,1,0,0,0,0,0,0,0,0,0,https://www.imdb.com/name/nm0338154/?ref_=ttfc_fc_wr638,13,0,0,0.0025727159172019985
David Hurwitz,False,1980,1981,1,1,0,0,0,0,0,0,0,0,0,https://www.imdb.com/name/nm0403791/?ref_=fn_nm_nm_2,12,0,0,0.0024549428979300496
Judith Belushi-Pisano,False,1980,1981,1,1,0,0,0,0,0,0,0,0,0,https://www.imdb.com/name/nm0413147/?ref_=fn_nm_nm_1,1,0,1,0.0011862062812276945
Sean Kelly (V),False,1980,1981,1,1,0,0,0,0,0,0,0,0,0,https://www.imdb.com/name/nm0446859/?ref_=fn_nm_nm_1,2,0,0,0.0012772127052105638
Mitchell Kriegman,False,1980,1981,1,1,0,0,0,0,0,0,0,0,0,https://www.imdb.com/name/nm0471233/?ref_=fn_nm_nm_0,5,5,1,0.002272930049964311
Patricia Marx,False,1980,1981,1,1,0,0,0,0,0,0,0,0,0,https://www.imdb.com/name/nm0555658/?ref_=fn_nm_nm_2,12,0,0,0.0024549428979300496
Douglas McGrath,False,1980,1981,1,1,0,0,0,0,0,0,0,0,0,https://www.imdb.com/name/nm0569790/?ref_=fn_nm_nm_0,13,1,0,0.002695842255531763
Tom Moore (III),False,1980,1981,1,1,1,0,0,0,0,0,0,0,0,https://www.imdb.com/name/nm0601964/?ref_=fn_nm_nm_1,1,0,0,0.15115943968593862
Pamela Norris,False,1980,1984,4,4,0,0,0,0,0,0,0,0,0,https://www.imdb.com/name/nm0635873/?ref_=fn_nm_nm_1,65,1,0,0.01194503925767309
Mark Reisman,False,1980,1981,1,1,0,0,0,0,0,0,0,0,0,https://www.imdb.com/name/nm0718459/?ref_=fn_nm_nm_1,4,0,0,0.0015127587437544611
David Sheffield,False,1980,1983,3,3,0,0,0,0,0,0,0,0,0,https://www.imdb.com/name/nm0790775/?ref_=fn_nm_nm_1,56,1,39,0.010887312633832977
Jeremy Stevens,False,1980,1981,1,1,1,0,0,0,0,0,0,0,0,https://www.imdb.com/name/nm0828484/?ref_=fn_nm_nm_1,2,0,0,0.15127721270521055
Bob Tischler,False,1980,1985,5,5,4,0,0,0,0,0,0,0,0,https://www.imdb.com/name/nm0864293/?ref_=fn_nm_nm_1,72,1,80,0.13595244468236975
Mason Williams,False,1980,1981,1,1,1,0,0,0,0,0,0,0,0,https://www.imdb.com/name/nm0931281/?ref_=fn_nm_nm_1,2,0,0,0.15127721270521055
Dirk Wittenborn,False,1980,1981,1,1,0,0,0,0,0,0,0,0,0,https://www.imdb.com/name/nm0936999/?ref_=fn_nm_nm_1,1,0,0,0.0011594396859386153
Joe Bodolai,False,1981,1982,1,1,0,0,0,0,0,0,0,0,0,https://www.imdb.com/name/nm1188688/?ref_=fn_nm_nm_1,20,0,0,0.003397127052105639
Nate Herman,False,1981,1985,4,4,0,0,0,0,0,0,0,0,0,https://www.imdb.com/name/nm2953522/?ref_=fn_nm_nm_1,77,7,0,0.014097073518915062
Nelson Lyon,False,1981,1982,1,1,0,0,0,0,0,0,0,0,0,https://www.imdb.com/name/nm0528962/?ref_=fn_nm_nm_1,20,2,0,0.0036433797287651675
Mark O'Donnell (IV),False,1981,1982,1,1,0,0,0,0,0,0,0,0,0,https://www.imdb.com/name/nm2843346/?ref_=fn_nm_nm_1,20,0,0,0.003397127052105639
Margaret Oberman,False,1981,1985,4,4,0,0,0,0,0,0,0,0,0,https://www.imdb.com/name/nm0643315/?ref_=fn_nm_nm_1,57,0,0,0.010879728765167736
Andrew Smith (III),False,1981,1985,4,4,2,0,0,0,0,0,0,0,0,https://www.imdb.com/name/nm0807308/?ref_=ttfc_fc_wr367,60,5,0,0.0868486795146324
Terry Southern,False,1981,1982,1,1,0,0,0,0,0,0,0,0,0,https://www.imdb.com/name/nm0816143/?ref_=fn_nm_nm_1,20,0,0,0.003397127052105639
Eliot Wald,False,1981,1985,4,4,0,0,0,0,0,0,0,0,0,https://www.imdb.com/name/nm0906997/?ref_=fn_nm_nm_1,77,0,1,0.013261955745895788
Andrew Kurtzman,False,1982,1985,3,3,0,0,0,0,0,0,0,0,0,https://www.imdb.com/name/nm0476065/?ref_=fn_nm_nm_1,56,1,1,0.009870182012847967
Ellen L. Fogle,False,1982,1983,1,1,0,0,0,0,0,0,0,0,0,https://www.imdb.com/name/nm0283941/?ref_=fn_nm_nm_1,20,0,0,0.003397127052105639
Tracy Tormé,False,1982,1983,1,1,0,0,0,0,0,0,0,0,0,https://www.imdb.com/name/nm0868124/?ref_=fn_nm_nm_1,19,0,0,0.0032793540328336906
Andy Breckman,False,1983,1987,3,3,0,0,0,0,0,0,0,0,0,https://www.imdb.com/name/nm0106563/?ref_=fn_nm_nm_1,63,10,5,0.011909796573875801
Adam Green (II),False,1983,1984,1,1,0,0,0,0,0,0,0,0,0,https://www.imdb.com/name/nm0337580/?ref_=ttfc_fc_wr591,19,0,0,0.0032793540328336906
Kevin Kelton,False,1983,1985,2,2,0,0,0,0,0,0,0,0,0,https://www.imdb.com/name/nm0447124/?ref_=fn_nm_nm_0,37,4,0,0.00693344039971449
Michael C. McCarthy,False,1983,1984,1,1,0,0,0,0,0,0,0,0,0,https://www.imdb.com/name/nm0565258/?ref_=fn_nm_nm_0,16,0,0,0.0029260349750178443
Larry David,False,1984,1985,1,1,0,0,0,0,0,0,0,0,0,https://www.imdb.com/name/nm0202970/?ref_=fn_nm_nm_1,18,18,4,0.005484921484653818
Rob Riley (I),False,1984,1985,1,1,0,0,0,0,0,0,0,0,0,https://www.imdb.com/name/nm0726988/?ref_=fn_al_nm_7,16,5,0,0.003541666666666667
Jack Handey,False,1985,2001,10,10,0,0,0,0,0,0,0,0,0,https://www.imdb.com/name/nm0359532/?ref_=fn_nm_nm_1,179,0,80,0.03363936473947181
Lanier Laney,False,1985,1986,1,1,0,0,0,0,0,0,0,0,0,https://www.imdb.com/name/nm0485640/?ref_=fn_nm_nm_0,18,2,0,0.0034078336902212706
Carol Leifer,False,1985,1986,1,1,0,0,0,0,0,0,0,0,0,https://www.imdb.com/name/nm0500140/?ref_=fn_nm_nm_0,18,4,0,0.003654086366880799
George Meyer,False,1985,1989,4,4,0,0,0,0,0,0,0,0,0,https://www.imdb.com/name/nm0583127/?ref_=fn_nm_nm_0,71,0,0,0.012528551034975018
Bruce McCulloch,False,1985,1986,1,1,0,0,0,0,0,0,0,0,0,https://www.imdb.com/name/nm0567126/?ref_=fn_nm_nm_1,0,3,3,0.0014913454675231977
Richard Rosen (IV),False,1985,1986,1,1,0,0,0,0,0,0,0,0,0,https://www.imdb.com/name/nm2399917/?ref_=fn_nm_nm_1,3,0,0,0.0013949857244825125
Suzy Schneider,False,1985,1986,1,1,0,0,0,0,0,0,0,0,0,https://www.imdb.com/name/nm2954512/?ref_=fn_nm_nm_2,6,0,0,0.0017483047822983583
John Swartzwelder,False,1985,1986,1,1,0,0,0,0,0,0,0,0,0,https://www.imdb.com/name/nm0841990/?ref_=fn_nm_nm_1,18,4,0,0.003654086366880799
E. Jean Carroll,False,1986,1987,1,1,0,0,0,0,0,0,0,0,0,https://www.imdb.com/name/nm0140800/?ref_=fn_nm_nm_0,18,0,0,0.0031615810135617413
Marc Shaiman,False,1986,1989,2,2,0,0,0,0,0,0,0,0,0,https://www.imdb.com/name/nm0003299/?ref_=fn_nm_nm_0,20,14,4,0.006269628836545325
Bonnie Turner,False,1986,1992,6,6,0,0,0,0,0,0,0,0,0,https://www.imdb.com/name/nm0877425/?ref_=fn_nm_nm_0,130,13,1,0.02318790149892934
Terry Turner,False,1986,1992,6,6,0,0,0,0,0,0,0,0,0,https://www.imdb.com/name/nm0877901/?ref_=fn_nm_nm_0,130,10,2,0.02284528907922912
Jon Vitti,False,1986,1987,1,1,0,0,0,0,0,0,0,0,0,https://www.imdb.com/name/nm0900140/?ref_=fn_nm_nm_1,20,0,0,0.003397127052105639
Christine Zander,False,1986,1993,7,7,0,0,0,0,0,0,0,0,0,https://www.imdb.com/name/nm0952863/?ref_=fn_nm_nm_0,130,25,1,0.02570708422555318
Greg Daniels,False,1987,1990,3,3,0,0,0,0,0,0,0,0,0,https://www.imdb.com/name/nm0199948/?ref_=fn_nm_nm_1,53,0,0,0.009366970021413276
Conan O'Brien,False,1987,1991,4,4,0,0,0,0,0,0,0,0,0,https://www.imdb.com/name/nm0005277/?ref_=fn_nm_nm_0,72,21,3,0.015312276945039258
Bob Odenkirk,False,1987,1991,4,4,0,0,0,0,0,0,0,0,0,https://www.imdb.com/name/nm0644022/?ref_=fn_nm_nm_1,131,13,1,0.021222341184867953
John Bowman,False,1988,1989,1,1,0,0,0,0,0,0,0,0,0,https://www.imdb.com/name/nm0101337/?ref_=fn_nm_nm_0,21,2,0,0.003761152748037116
Shannon Gaughan,False,1988,1989,1,1,0,0,0,0,0,0,0,0,0,https://www.imdb.com/name/nm0969183/?ref_=fn_nm_nm_0,20,0,0,0.003397127052105639
Tom Hymes,False,1989,1990,1,1,0,0,0,0,0,0,0,0,0,https://www.imdb.com/name/nm1631821/?ref_=fn_nm_nm_1,16,0,0,0.0029260349750178443
Dan McGrath (I),False,1990,1992,2,2,0,0,0,0,0,0,0,0,0,https://www.imdb.com/name/nm0569775/?ref_=fn_nm_nm_1,36,0,0,0.0063231620271234825
Andy Robin (I),False,1990,1991,1,1,0,0,0,0,0,0,0,0,0,https://www.imdb.com/name/nm0732165/?ref_=fn_nm_nm_1,18,1,0,0.003284707351891506
Warren Hutcherson,False,1991,1993,2,2,0,0,0,0,0,0,0,0,0,https://www.imdb.com/name/nm0404209/?ref_=fn_nm_nm_0,40,4,1,0.0073135260528194145
Steve Koren,False,1991,1998,6,6,0,0,0,0,0,0,0,0,0,https://www.imdb.com/name/nm0466175/?ref_=fn_nm_nm_0,120,6,1,0.0211482869379015
Ian Maxtone-Graham,False,1991,1995,4,4,0,0,0,0,0,0,0,0,0,https://www.imdb.com/name/nm0561631/?ref_=fn_nm_nm_0,61,4,1,0.011870092790863668
Bruce Handy,False,1992,1993,1,1,0,0,0,0,0,0,0,0,0,https://www.imdb.com/name/nm1554692/?ref_=fn_nm_nm_0,19,0,0,0.0032793540328336906
Dawna Kaufmann,False,1992,1993,1,1,0,0,0,0,0,0,0,0,0,https://www.imdb.com/name/nm0442126/?ref_=fn_nm_nm_1,18,0,0,0.0031615810135617413
David Mandel,False,1992,1995,3,3,0,0,0,0,0,0,0,0,0,https://www.imdb.com/name/nm0541635/?ref_=fn_nm_nm_0,61,3,0,0.010678533190578158
Vanessa Middleton,False,1992,1993,1,1,0,0,0,0,0,0,0,0,0,https://www.imdb.com/name/nm0585583/?ref_=fn_nm_nm_1,19,0,0,0.0032793540328336906
Glenn Rockowitz,False,1992,1993,1,1,0,0,0,0,0,0,0,0,0,https://www.imdb.com/name/nm1032308/?ref_=fn_nm_nm_0,6,0,0,0.0017483047822983583
Dave Attell,False,1993,1994,1,1,0,0,0,0,0,0,0,0,0,https://www.imdb.com/name/nm0040995/?ref_=fn_nm_nm_0,20,7,0,0.00425901142041399
Tony De Sena (I),False,1993,1994,1,1,0,0,0,0,0,0,0,0,0,https://www.imdb.com/name/nm1096215/?ref_=fn_al_nm_0,20,0,0,0.003397127052105639
Tim Herlihy,False,1993,2000,7,7,1,0,0,0,0,0,0,0,0,https://www.imdb.com/name/nm0379056/?ref_=fn_nm_nm_0,137,1,60,0.04658426379116957
Steve Lookner,False,1993,1995,2,2,0,0,0,0,0,0,0,0,0,https://www.imdb.com/name/nm0382769/?ref_=fn_nm_nm_1,40,2,0,0.007040506780870806
Lewis Morton,False,1993,1995,2,2,0,0,0,0,0,0,0,0,0,https://www.imdb.com/name/nm0608034/?ref_=fn_nm_nm_0,40,1,1,0.006944147037830122
Ross Abrash,False,1994,1998,4,4,0,0,0,0,0,0,0,0,0,https://www.imdb.com/name/nm1039205/?ref_=fn_nm_nm_0,80,0,0,0.013588508208422556
Norm Hiscock,False,1994,1997,3,3,0,0,0,0,0,0,0,0,0,https://www.imdb.com/name/nm0386780/?ref_=fn_nm_nm_0,60,4,1,0.010710653104925054
Brian Kelley (I),False,1994,1995,1,1,0,0,0,0,0,0,0,0,0,https://www.imdb.com/name/nm0445877/?ref_=fn_al_nm_5,20,0,0,0.003397127052105639
Margo Meyer,False,1994,1995,1,1,0,0,0,0,0,0,0,0,0,https://www.imdb.com/name/nm12200979/?ref_=fn_nm_nm_0,0,0,0,0.0010416666666666667
Adam Resnick,False,1994,1995,1,1,0,0,0,0,0,0,0,0,0,https://www.imdb.com/name/nm0720304/?ref_=fn_nm_nm_1,20,0,0,0.003397127052105639
Drake Sather,False,1994,1995,1,1,0,0,0,0,0,0,0,0,0,https://www.imdb.com/name/nm0766153/?ref_=fn_nm_nm_0,21,0,0,0.0035149000713775875
Steve Higgins,True,1995,2023,28,28,1,0,0,0,0,0,0,0,0,https://www.imdb.com/name/nm0383492/?ref_=fn_nm_nm_1,534,61,483,0.11785357397777099
Cindy Caponera,False,1995,1998,3,3,0,0,0,0,0,0,0,0,0,https://www.imdb.com/name/nm0135359/?ref_=fn_nm_nm_0,60,10,0,0.01142264453961456
Hugh Fink,False,1995,2002,7,7,0,0,0,0,0,0,0,0,0,https://www.imdb.com/name/nm0277813/?ref_=fn_nm_nm_1,141,5,2,0.024566827266238406
Tom Gianas,False,1995,1998,3,3,0,0,0,0,0,0,0,0,0,https://www.imdb.com/name/nm0316139/?ref_=fn_nm_nm_1,60,4,0,0.010683886509635974
Peter Gaulke,False,1995,1996,1,1,0,0,0,0,0,0,0,0,0,https://www.imdb.com/name/nm0310087/?ref_=fn_nm_nm_1,16,0,0,0.0029260349750178443
Erin Fraser (III),False,1995,1996,1,1,0,0,0,0,0,0,0,0,0,https://www.imdb.com/name/nm0549524/?ref_=fn_al_nm_0,18,0,0,0.0031615810135617413
Adam McKay,False,1995,2001,6,6,3,0,0,0,0,0,0,0,0,https://www.imdb.com/name/nm0570912/?ref_=fn_nm_nm_1,126,15,9,0.09817719486081371
Dennis McNicholas,False,1995,2023,18,18,4,0,0,0,0,0,0,0,0,https://www.imdb.com/name/nm0574005/?ref_=fn_nm_nm_0,323,19,144,0.09631780870806568
Lori Nasso,False,1995,1999,4,4,0,0,0,0,0,0,0,0,0,https://www.imdb.com/name/nm0621994/?ref_=fn_nm_nm_0,79,14,1,0.015221270521056388
Paula Pell,False,1995,2009,18,18,2,0,0,0,0,0,0,0,0,https://www.imdb.com/name/nm0996134/?ref_=fn_nm_nm_1,311,66,4,0.08027748037116346
Frank Sebastiano,False,1995,2006,9,9,0,0,0,0,0,0,0,0,0,https://www.imdb.com/name/nm0780980/?ref_=fn_nm_nm_0,173,3,1,0.030145877944325484
Andrew Steele (I),False,1995,2008,13,13,4,0,0,0,0,0,0,0,0,https://www.imdb.com/name/nm0824482/?ref_=fn_nm_nm_1,240,1,0,0.08808416378411024
David Breckman,False,1996,1997,1,1,0,0,0,0,0,0,0,0,0,https://www.imdb.com/name/nm1184512/?ref_=fn_nm_nm_0,20,0,0,0.003397127052105639
Robert Carlock,False,1996,2001,5,5,0,0,0,0,0,0,0,0,0,https://www.imdb.com/name/nm1061622/?ref_=fn_nm_nm_1,103,7,0,0.01820083868665239
Stephen Colbert,False,1996,1997,1,1,0,0,0,0,0,0,0,0,0,https://www.imdb.com/name/nm0170306/?ref_=fn_nm_nm_0,23,17,0,0.005843593861527481
Matt Piedmont,False,1996,2002,6,6,0,0,0,0,0,0,0,0,0,https://www.imdb.com/name/nm0682126/?ref_=fn_nm_nm_1,119,3,0,0.020634368308351178
Scott Wainio,False,1996,2003,7,7,0,0,0,0,0,0,0,0,0,https://www.imdb.com/name/nm0906511/?ref_=fn_nm_nm_0,139,7,1,0.024550767309064955
Michael McCullers,False,1997,1998,1,1,0,0,0,0,0,0,0,0,0,https://www.imdb.com/name/nm0567112/?ref_=fn_nm_nm_0,20,0,0,0.003397127052105639
Michael Schur,False,1997,2004,7,7,0,0,0,0,0,0,0,0,0,https://www.imdb.com/name/nm1321658/?ref_=fn_nm_nm_0,138,3,40,0.02498438615274804
Jerry Collins,False,1998,2000,2,2,0,0,0,0,0,0,0,0,0,https://www.imdb.com/name/nm0172381/?ref_=fn_nm_nm_0,39,0,0,0.00667648108493933
Steven Cragg,False,1998,2000,2,2,0,0,0,0,0,0,0,0,0,https://www.imdb.com/name/nm0185735/?ref_=fn_nm_nm_1,39,3,0,0.007045860099928622
Tony Daro,False,1998,2001,3,3,0,0,0,0,0,0,0,0,0,https://www.imdb.com/name/nm1720857/?ref_=fn_nm_nm_0,58,0,0,0.00995583511777302
Richard Francese,False,1998,2000,2,2,0,0,0,0,0,0,0,0,0,https://www.imdb.com/name/nm0289927/?ref_=fn_nm_nm_0,39,11,1,0.008057637401855817
Matt Graham (II),False,1998,1999,1,1,0,0,0,0,0,0,0,0,0,https://www.imdb.com/name/nm1757994/?ref_=fn_nm_nm_1,18,0,0,0.0031615810135617413
Ray James,False,1998,1999,1,1,0,0,0,0,0,0,0,0,0,https://www.imdb.com/name/nm0416853/?ref_=fn_nm_nm_0,22,1,0,0.0037557994289793006
T. Sean Shannon,False,1998,2006,8,8,0,0,0,0,0,0,0,0,0,https://www.imdb.com/name/nm0780643/?ref_=fn_nm_nm_0,158,0,7,0.027128836545324768
Kevin Brennan,False,1999,2000,1,1,0,0,0,0,0,0,0,0,0,https://www.imdb.com/name/nm0107339/?ref_=fn_nm_nm_1,0,0,0,0.0010416666666666667
Ali Reza,False,1999,2000,1,1,0,0,0,0,0,0,0,0,0,https://www.imdb.com/name/nm0995946/?ref_=fn_nm_nm_0,17,0,0,0.003043807994289793
J.J. Philbin,False,1999,2000,1,1,0,0,0,0,0,0,0,0,0,https://www.imdb.com/name/nm0679902/?ref_=fn_nm_nm_1,17,0,0,0.003043807994289793
James Anderson (XI),False,2000,2020,20,20,0,0,0,0,0,0,0,0,0,https://www.imdb.com/name/nm1318184/?ref_=fn_al_nm_9,404,9,0,0.06952177016416845
Melanie Graham (I),False,2000,2001,1,1,0,0,0,0,0,0,0,0,0,https://www.imdb.com/name/nm0334218/?ref_=fn_nm_nm_1,20,0,0,0.003397127052105639
Erik Kenward,True,2000,2023,23,23,0,0,0,0,0,0,0,0,0,https://www.imdb.com/name/nm1334502/?ref_=fn_nm_nm_0,435,0,228,0.08129238044254104
Jon Rosenfeld,False,2000,2001,1,1,0,0,0,0,0,0,0,0,0,https://www.imdb.com/name/nm1720897/?ref_=fn_nm_nm_2,18,0,0,0.0031615810135617413
Doug Abeles,False,2001,2011,10,10,0,0,0,0,0,0,0,0,0,https://www.imdb.com/name/nm1263023/?ref_=fn_nm_nm_1,197,3,66,0.03575392576730907
Max Brooks,False,2001,2003,2,2,0,0,0,0,0,0,0,0,0,https://www.imdb.com/name/nm0112150/?ref_=fn_nm_nm_0,40,0,0,0.006794254104211278
Louis C.K.,False,2001,2004,3,3,0,0,0,0,0,0,0,0,4,https://www.imdb.com/name/nm0127373/?ref_=fn_nm_nm_0,15,0,4,0.004998661670235546
Charlie Grandy,False,2001,2008,7,7,0,0,0,0,0,0,0,0,0,https://www.imdb.com/name/nm0334946/?ref_=fn_nm_nm_0,131,1,32,0.02369958957887224
Ken Scarborough,False,2001,2004,3,3,0,0,0,0,0,0,0,0,0,https://www.imdb.com/name/nm0769095/?ref_=fn_nm_nm_0,75,0,0,0.011957976445396146
Barry Sobel,False,2000,2001,1,1,0,0,0,0,0,0,0,0,0,https://www.imdb.com/name/nm0811746/?ref_=fn_nm_nm_0,20,0,0,0.003397127052105639
Leo Allen,False,2002,2005,3,3,0,0,0,0,0,0,0,0,0,https://www.imdb.com/name/nm1179485/?ref_=fn_nm_nm_1,60,3,0,0.01056076017130621
James Eagan,False,2002,2004,2,2,0,0,0,0,0,0,0,0,0,https://www.imdb.com/name/nm0247063/?ref_=fn_nm_nm_0,39,0,0,0.00667648108493933
Corwin Moore,False,2002,2003,1,1,0,0,0,0,0,0,0,0,0,https://www.imdb.com/name/nm0601074/?ref_=fn_nm_nm_1,20,0,0,0.003397127052105639
Eric Slovin,False,2002,2005,3,3,0,0,0,0,0,0,0,0,0,https://www.imdb.com/name/nm0806246/?ref_=fn_nm_nm_1,60,11,0,0.011545770877944325
Emily Spivey,False,2002,2010,8,8,0,0,0,0,0,0,0,0,0,https://www.imdb.com/name/nm0819225/?ref_=fn_nm_nm_1,180,7,1,0.03042112776588151
Jordan Black,False,2003,2004,1,1,0,0,0,0,0,0,0,0,0,https://www.imdb.com/name/nm0085359/?ref_=fn_nm_nm_1,20,0,0,0.003397127052105639
Liz Cackowski,False,2003,2006,3,3,0,0,0,0,0,0,0,0,0,https://www.imdb.com/name/nm1560199/?ref_=fn_nm_nm_0,59,5,0,0.01068923982869379
David Iserson,False,2003,2004,1,1,0,0,0,0,0,0,0,0,0,https://www.imdb.com/name/nm1503347/?ref_=fn_nm_nm_0,20,0,0,0.003397127052105639
Joe Kelly,False,2003,2013,3,3,0,0,0,0,0,0,0,0,0,https://www.imdb.com/name/nm1918708/?ref_=fn_nm_nm_0,59,1,0,0.010196734475374733
John Lutz,False,2003,2010,7,7,0,0,0,0,0,0,0,0,0,https://www.imdb.com/name/nm0527572/?ref_=fn_nm_nm_0,115,21,0,0.02342121698786581
J.B. Smoove,False,2003,2006,3,3,0,0,0,0,0,0,0,0,0,https://www.imdb.com/name/nm1356578/?ref_=fn_nm_nm_0,60,12,0,0.01166889721627409
Rich Talarico,False,2003,2005,2,2,0,0,0,0,0,0,0,0,0,https://www.imdb.com/name/nm0847822/?ref_=fn_nm_nm_0,40,1,0,0.006917380442541043
Alex Baze,False,2004,2014,10,10,0,0,0,0,0,0,0,0,0,https://www.imdb.com/name/nm1733287/?ref_=fn_nm_nm_0,195,0,56,0.034881334760885084
Matt Murray (I),False,2004,2007,3,3,0,0,0,0,0,0,0,0,0,https://www.imdb.com/name/nm1230361/?ref_=fn_al_nm_2,139,0,0,0.019495449678800857
Lauren Pomerantz,False,2004,2005,1,1,0,0,0,0,0,0,0,0,0,https://www.imdb.com/name/nm1729395/?ref_=fn_nm_nm_0,20,0,0,0.003397127052105639
Akiva Schaffer,False,2005,2011,6,6,0,0,0,0,0,0,0,0,0,https://www.imdb.com/name/nm1676223/?ref_=fn_nm_nm_0,116,8,71,0.022797109207708777
Jorma Taccone,False,2005,2011,6,6,0,0,0,0,0,0,0,0,0,https://www.imdb.com/name/nm1672246/?ref_=fn_nm_nm_0,100,22,29,0.021512312633832978
Bryan H. Tucker,True,2005,2023,18,18,5,0,0,0,0,0,0,0,0,https://www.imdb.com/name/nm1317704/?ref_=fn_nm_nm_1,327,9,0,0.10003658101356173
Marika Sawyer,False,2006,2014,8,8,0,0,0,0,0,0,0,0,0,https://www.imdb.com/name/nm2854926/?ref_=fn_nm_nm_0,142,2,0,0.025303354746609566
John Solomon,False,2006,2015,9,9,0,0,0,0,0,0,0,0,0,https://www.imdb.com/name/nm1231253/?ref_=fn_nm_nm_0,148,7,17,0.028122323340471093
Rob Klein,False,2007,2017,10,10,3,0,0,0,0,0,0,0,0,https://www.imdb.com/name/nm2914092/?ref_=fn_nm_nm_1,182,0,0,0.07685135617416132
Simon Rich,False,2007,2011,4,4,0,0,0,0,0,0,0,0,0,https://www.imdb.com/name/nm2919995/?ref_=fn_nm_nm_0,84,4,0,0.014552105638829405
Kent Sublette,True,2007,2023,16,16,7,0,0,0,0,0,0,0,0,https://www.imdb.com/name/nm1229014/?ref_=fn_nm_nm_1,249,3,0,0.11198652748037116
Jessica Conrad,False,2008,2012,4,4,0,0,0,0,0,0,0,0,0,https://www.imdb.com/name/nm3165087/?ref_=fn_nm_nm_0,82,0,0,0.013824054246966453
John Mulaney,False,2008,2012,4,4,0,0,0,0,0,0,0,0,4,https://www.imdb.com/name/nm1825214/?ref_=fn_nm_nm_1,97,5,32,0.01706281227694504
Jillian Bell,False,2009,2010,1,1,0,0,0,0,0,0,0,0,0,https://www.imdb.com/name/nm3255459/?ref_=fn_nm_nm_0,22,1,0,0.0037557994289793006
Hannibal Buress,False,2009,2010,1,1,0,0,0,0,0,0,0,0,0,https://www.imdb.com/name/nm2868110/?ref_=fn_nm_nm_0,22,2,0,0.0038789257673090653
Jessi Klein,False,2009,2010,1,1,0,0,0,0,0,0,0,0,0,https://www.imdb.com/name/nm1585728/?ref_=fn_nm_nm_0,20,2,0,0.0036433797287651675
Christine Nangle,False,2009,2012,3,3,0,0,0,0,0,0,0,0,0,https://www.imdb.com/name/nm3652881/?ref_=fn_nm_nm_1,62,2,0,0.010673179871520343
Ryan Perez (I),False,2009,2010,1,1,0,0,0,0,0,0,0,0,0,https://www.imdb.com/name/nm1885677/?ref_=fn_al_nm_2,22,1,0,0.0037557994289793006
Heather Anne Campbell,False,2010,2011,1,1,0,0,0,0,0,0,0,0,0,https://www.imdb.com/name/nm2216111/?ref_=fn_nm_nm_0,22,0,0,0.003632673090649536
Matthew Craig (II),False,2010,2011,1,1,0,0,0,0,0,0,0,0,0,https://www.imdb.com/name/nm2924462/?ref_=fn_nm_nm_1,5,0,0,0.0016305317630264096
Tom Flanigan (I),False,2010,2011,1,1,0,0,0,0,0,0,0,0,0,https://www.imdb.com/name/nm2475841/?ref_=fn_nm_nm_1,1,0,0,0.0011594396859386153
Shelly Gossman,False,2010,2012,2,2,0,0,0,0,0,0,0,0,0,https://www.imdb.com/name/nm4586457/?ref_=fn_nm_nm_0,10,1,0,0.003384189864382584
Jonathan Krisel,False,2010,2011,1,1,0,0,0,0,0,0,0,0,0,https://www.imdb.com/name/nm1730037/?ref_=fn_nm_nm_1,23,0,9,0.0039913454675231975
Sarah Schneider,False,2010,2017,7,7,1,0,0,0,0,0,0,0,0,https://www.imdb.com/name/nm1365351/?ref_=fn_nm_nm_0,75,1,0,0.037676340878964
Zach Kanin,False,2011,2016,5,5,0,0,0,0,0,0,0,0,0,https://www.imdb.com/name/nm2385671/?ref_=fn_nm_nm_1,97,0,0,0.016632316202712348
Chris Kelly,False,2011,2017,6,6,1,0,0,0,0,0,0,0,0,https://www.imdb.com/name/nm6287571/?ref_=fn_nm_nm_2,88,0,0,0.04161402569593147
Pete Schultz,True,2011,2023,12,12,0,0,0,0,0,0,0,0,0,https://www.imdb.com/name/nm3965483/?ref_=fn_nm_nm_0,226,0,8,0.03933083511777302
Neil Casey,False,2012,2013,1,1,0,0,0,0,0,0,0,0,0,https://www.imdb.com/name/nm2654481/?ref_=fn_nm_nm_0,19,0,0,0.0032793540328336906
Josh Patten,True,2012,2023,11,11,0,0,0,0,0,0,0,0,0,https://www.imdb.com/name/nm4483652/?ref_=fn_nm_nm_1,192,0,0,0.034070753033547466
Claire Mulaney,False,2013,2015,2,2,0,0,0,0,0,0,0,0,0,https://www.imdb.com/name/nm6004139/?ref_=fn_nm_nm_1,42,0,0,0.007029800142755175
Katie Rich,False,2013,2019,6,6,0,0,0,0,0,0,0,0,0,https://www.imdb.com/name/nm5098521/?ref_=fn_nm_nm_0,106,1,0,0.018857066381156317
LaKendra Tookes,False,2013,2014,1,1,0,0,0,0,0,0,0,0,0,https://www.imdb.com/name/nm6228635/?ref_=fn_nm_nm_1,11,0,0,0.002337169878658101
Jeremy Beiler,False,2014,2017,2,2,0,0,0,0,0,0,0,0,0,https://www.imdb.com/name/nm1501030/?ref_=fn_nm_nm_0,61,0,0,0.009267487508922197
Dave McCary,False,2014,2018,3,3,0,0,0,0,0,0,0,0,0,https://www.imdb.com/name/nm5050824/?ref_=fn_nm_nm_0,84,0,22,0.013606798715203424
Natasha Rothwell,False,2014,2015,1,1,0,0,0,0,0,0,0,0,0,https://www.imdb.com/name/nm5625020/?ref_=fn_nm_nm_0,21,0,0,0.0035149000713775875
Nicholas Rutherford,False,2014,2015,1,1,0,0,0,0,0,0,0,0,0,https://www.imdb.com/name/nm0751990/?ref_=fn_nm_nm_1,21,0,0,0.0035149000713775875
Meredith Scardino,False,2014,2015,1,1,0,0,0,0,0,0,0,0,0,https://www.imdb.com/name/nm2227704/?ref_=fn_nm_nm_0,9,0,0,0.0021016238401142043
Chris Belair,False,2015,2016,1,1,0,0,0,0,0,0,0,0,0,https://www.imdb.com/name/nm3677049/?ref_=fn_nm_nm_0,21,0,0,0.0035149000713775875
Paul Masella,False,2015,2016,1,1,0,0,0,0,0,0,0,0,0,https://www.imdb.com/name/nm3688724/?ref_=fn_nm_nm_0,21,0,0,0.0035149000713775875
Dave Sirus,False,2015,2016,1,1,0,0,0,0,0,0,0,0,0,https://www.imdb.com/name/nm3461468/?ref_=fn_nm_nm_0,30,0,0,0.0045748572448251245
Will Stephen,True,2015,2023,8,8,0,0,0,0,0,0,0,0,0,https://www.imdb.com/name/nm5560794/?ref_=fn_nm_nm_0,142,0,0,0.025057102069950037
Kristen Bartlett,False,2016,2018,2,2,0,0,0,0,0,0,0,0,0,https://www.imdb.com/name/nm4434455/?ref_=fn_nm_nm_1,27,0,0,0.0052632048536759455
Zack Bornstein,False,2016,2017,1,1,0,0,0,0,0,0,0,0,0,https://www.imdb.com/name/nm4956526/?ref_=fn_nm_nm_1,21,0,0,0.0035149000713775875
Joanna Bradley,False,2016,2017,1,1,0,0,0,0,0,0,0,0,0,https://www.imdb.com/name/nm5400395/?ref_=fn_nm_nm_0,21,0,0,0.0035149000713775875
Anna Drezen,True,2016,2022,6,6,2,0,0,0,0,0,0,0,0,https://www.imdb.com/name/nm4871432/?ref_=fn_nm_nm_0,116,0,0,0.06991167023554604
Nick Kocher,False,2016,2018,2,2,0,0,0,0,0,0,0,0,0,https://www.imdb.com/name/nm3304457/?ref_=fn_nm_nm_1,27,0,0,0.0052632048536759455
Michael Koman,False,2016,2019,3,3,0,0,0,0,0,0,0,0,0,https://www.imdb.com/name/nm0464523/?ref_=fn_nm_nm_0,52,0,0,0.009249197002141328
Brian McElhaney,False,2016,2018,2,2,0,0,0,0,0,0,0,0,0,https://www.imdb.com/name/nm3537795/?ref_=fn_nm_nm_1,27,0,0,0.0052632048536759455
Drew Michael,False,2016,2018,2,2,0,0,0,0,0,0,0,0,0,https://www.imdb.com/name/nm6569383/?ref_=fn_nm_nm_1,21,0,0,0.004556566738044254
Julio Torres,False,2016,2019,3,3,0,0,0,0,0,0,0,0,0,https://www.imdb.com/name/nm7088580/?ref_=fn_nm_nm_1,61,0,0,0.010309154175588864
Steven Castillo,True,2017,2022,5,5,0,0,0,0,0,0,0,0,0,https://www.imdb.com/name/nm9163311/?ref_=fn_nm_nm_1,89,0,0,0.01569013204853676
Claire Friedman,False,2017,2018,1,1,0,0,0,0,0,0,0,0,0,https://www.imdb.com/name/nm8077083/?ref_=fn_nm_nm_1,21,0,0,0.0035149000713775875
Fran Gillespie,True,2015,2021,6,6,0,0,0,0,0,0,0,0,0,https://www.imdb.com/name/nm5246001/?ref_=fn_nm_nm_0,123,0,0,0.020736081370449678
Sudi Green,True,2015,2021,6,6,0,0,0,0,0,0,0,0,0,https://www.imdb.com/name/nm6003622/?ref_=fn_nm_nm_0,124,0,0,0.020853854389721628
Sam Jay,True,2017,2021,4,4,0,0,0,0,0,0,0,0,0,https://www.imdb.com/name/nm7615637/?ref_=fn_nm_nm_1,70,1,0,0.012533904354032833
Erik Marino,False,2017,2018,1,1,0,0,0,0,0,0,0,0,0,https://www.imdb.com/name/nm0547765/?ref_=fn_nm_nm_0,21,0,0,0.0035149000713775875
Nimesh Patel,False,2017,2018,1,1,0,0,0,0,0,0,0,0,0,https://www.imdb.com/name/nm7964342/?ref_=fn_nm_nm_0,21,0,0,0.0035149000713775875
Gary Richardson,False,2017,2021,4,4,0,0,0,0,0,0,0,0,0,https://www.imdb.com/name/nm6324751/?ref_=fn_nm_nm_0,79,2,0,0.013716987865810135
Streeter Seidell,True,2014,2023,7,7,2,0,0,0,0,0,0,0,0,https://www.imdb.com/name/nm3289293/?ref_=fn_nm_nm_0,163,2,0,0.06959206434179667
Megan Callahan-Shah,True,2015,2021,6,6,0,0,0,0,0,0,0,0,0,https://www.imdb.com/name/nm4916386/?ref_=fn_nm_nm_1,146,0,0,0.023444860813704498
Alison Gates,False,2018,2021,3,3,0,0,0,0,0,0,0,0,0,https://www.imdb.com/name/nm10384188/?ref_=fn_nm_nm_0,80,2,0,0.012793094218415419
Alan Linic,False,2018,2019,1,1,0,0,0,0,0,0,0,0,0,https://www.imdb.com/name/nm7860442/?ref_=fn_nm_nm_1,21,0,0,0.0035149000713775875
Eli Coyote Mandel,False,2018,2019,1,1,0,0,0,0,0,0,0,0,0,https://www.imdb.com/name/nm8881698/?ref_=fn_nm_nm_1,21,0,0,0.0035149000713775875
Dan Bulla,False,2019,2021,2,2,0,0,0,0,0,0,0,0,0,https://www.imdb.com/name/nm4674057/?ref_=fn_nm_nm_0,60,0,0,0.009149714489650249
Emma Clark,False,2019,2021,2,2,0,0,0,0,0,0,0,0,0,https://www.imdb.com/name/nm8485344/?ref_=fn_nm_nm_0,27,0,0,0.0052632048536759455
Dan Licata,False,2019,2021,2,2,0,0,0,0,0,0,0,0,0,https://www.imdb.com/name/nm3915994/?ref_=fn_nm_nm_1,39,0,0,0.00667648108493933
Jasmine Pierce,False,2019,2023,4,4,0,0,0,0,0,0,0,0,0,https://www.imdb.com/name/nm5276392/?ref_=fn_nm_nm_1,47,0,0,0.009701998572448252
Mark Steinbach,True,2019,2023,4,4,0,0,0,0,0,0,0,0,0,https://www.imdb.com/name/nm9184163/?ref_=fn_nm_nm_1,58,0,0,0.010997501784439687
Celeste Yim,True,2020,2023,3,3,0,0,0,0,0,0,0,0,0,https://www.imdb.com/name/nm11940589/?ref_=fn_nm_nm_0,41,0,0,0.007953693790149893
Aristotle Athari,False,2021,2022,1,0,0,1,0,1,0,0,0,0,0,https://www.imdb.com/name/nm2776607/?ref_=fn_nm_nm_0,0,19,2,0.08843460028551035
Marcello Hernandez,True,2022,2023,1,0,0,1,0,1,0,0,0,0,0,https://www.imdb.com/name/nm13575138/?ref_=fn_nm_nm_0,0,1,0,0.08616479300499644
Molly Kearney,True,2022,2023,1,0,0,1,0,1,0,0,0,0,0,https://www.imdb.com/name/nm11579141/?ref_=fn_nm_nm_1,0,1,0,0.08616479300499644
Michael Longfellow (II),True,2022,2023,1,0,0,1,0,1,0,0,0,0,0,https://www.imdb.com/name/nm9089655/?ref_=fn_al_nm_0,0,1,0,0.08616479300499644
Devon Walker (VI),True,2022,2023,1,0,0,1,0,1,0,0,0,0,0,https://www.imdb.com/name/nm6698127/?ref_=fn_al_nm_1,0,1,0,0.08616479300499644
Nicole Sun (I),True,2021,2023,2,2,0,0,0,0,0,0,0,0,0,https://www.imdb.com/name/nm4710100/?ref_=fn_al_nm_10,5,0,0,0.0026721984296930765
Clare O'Kane (I),True,2021,2023,2,2,0,0,0,0,0,0,0,0,0,https://www.imdb.com/name/nm1567818/?ref_=fn_nm_nm_1,9,0,0,0.0031432905067808707
Rosebud Baker,True,2021,2023,2,2,0,0,0,0,0,0,0,0,0,https://www.imdb.com/name/nm3497327/?ref_=fn_nm_nm_0,9,0,0,0.0031432905067808707
Mike DiCenzo,True,2021,2023,2,2,0,0,0,0,0,0,0,0,0,https://www.imdb.com/name/nm3355350/?ref_=fn_nm_nm_1,21,0,0,0.004556566738044254
Billy Domineau,True,2021,2023,2,2,0,0,0,0,0,0,0,0,0,https://www.imdb.com/name/nm2401797/?ref_=fn_nm_nm_0,21,0,0,0.004556566738044254
Sarah Sherman,True,2021,2023,2,2,0,2,0,2,0,0,0,0,0,https://www.imdb.com/name/nm7567645/?ref_=fn_nm_nm_1,0,17,4,0.08928354746609565
James Austin Johnson,True,2021,2023,2,2,0,2,0,2,0,0,0,0,0,https://www.imdb.com/name/nm4562498/?ref_=fn_nm_nm_0,0,19,2,0.08947626695217703
Alex English (X),True,2021,2023,2,2,0,0,0,0,0,0,0,0,0,https://www.imdb.com/name/nm8643737/?ref_=nv_sr_srsg_1,21,1,0,0.004679693076374019
Martin Herlihy,True,2021,2023,2,2,0,0,0,0,0,0,0,0,0,https://www.imdb.com/name/nm11958939/?ref_=fn_nm_nm_0,21,4,4,0.005156138472519629
John Higgins (XV),True,2021,2023,2,2,0,0,0,0,0,0,0,0,0,https://www.imdb.com/name/nm3769182/?ref_=fn_al_nm_3,20,4,4,0.00503836545324768
Vannessa Jackson,True,2021,2023,2,2,0,0,0,0,0,0,0,0,0,https://www.imdb.com/name/nm7781354/?ref_=fn_nm_nm_1,21,0,0,0.004556566738044254
Tesha Kondrat (II),True,2021,2023,2,2,0,0,0,0,0,0,0,0,0,https://www.imdb.com/name/nm4871773/?ref_=fn_al_nm_0,21,0,0,0.004556566738044254
Jake Nordwind,True,2021,2023,2,2,0,0,0,0,0,0,0,0,0,https://www.imdb.com/name/nm4053310/?ref_=fn_nm_nm_0,21,0,0,0.004556566738044254
Ben Silva (V),True,2021,2023,2,2,0,0,0,0,0,0,0,0,0,https://www.imdb.com/name/nm11131504/?ref_=fn_nm_nm_1,21,0,0,0.004556566738044254
Ben Marshall (IV),True,2021,2023,2,2,0,0,0,0,0,0,0,0,0,https://www.imdb.com/name/nm2951652/?ref_=fn_nm_nm_1,21,4,4,0.005156138472519629
