person,current,year_start,year_end,num_seasons_total,num_seasons_writer,num_seasons_headwriter,num_seasons_actor,num_seasons_rep,num_seasons_featured,num_seasons_middle,num_seasons_weekend_update,num_episodes_weekend_updates,best_of,num_episodes_hosted,imdb_link
Seth Meyers,FALSE,2001,2014,13,9,9,13,11,2,0,8,154,0,1,https://www.imdb.com/name/nm1024878/?ref_=fn_nm_nm_1
Colin Jost,TRUE,2005,2022,18,18,8,9,7,2,0,9,151,0,0,https://www.imdb.com/name/nm1906042/?ref_=fn_nm_nm_1
Michael Che,TRUE,2013,2022,10,10,6,9,7,2,0,9,143,0,0,https://www.imdb.com/name/nm3846408/?ref_=fn_nm_nm_1
Tina Fey,FALSE,1997,2006,9,9,7,6,5,1,0,6,117,0,6,https://www.imdb.com/name/nm0275486/?ref_=fn_nm_nm_1
Dennis Miller,FALSE,1985,1991,6,0,0,6,6,0,0,6,111,0,0,https://www.imdb.com/name/nm0588222/?ref_=fn_nm_nm_1
Jimmy Fallon,FALSE,1998,2004,6,0,0,6,5,1,0,4,80,1,3,https://www.imdb.com/name/nm0266422/?ref_=fn_nm_nm_0
Amy Poehler,FALSE,2001,2008,8,0,0,8,8,0,0,5,80,1,2,https://www.imdb.com/name/nm0688132/?ref_=fn_nm_nm_0
Jane Curtin,FALSE,1975,1980,5,0,0,5,5,0,0,4,78,0,0,https://www.imdb.com/name/nm0004852/?ref_=fn_nm_nm_1
Norm MacDonald,FALSE,1993,1998,5,1,0,5,4,1,0,4,69,0,1,https://www.imdb.com/name/nm0005172/?ref_=fn_nm_nm_0
Kevin Nealon,FALSE,1986,1995,9,1,0,9,8,1,0,3,60,0,0,https://www.imdb.com/name/nm0005265/?ref_=fn_nm_nm_0
Colin Quinn,FALSE,1995,2000,5,2,0,5,3,2,0,3,50,0,0,https://www.imdb.com/name/nm0703800/?ref_=fn_nm_nm_0
Bill Murray,FALSE,1976,1980,4,1,0,4,4,0,0,0,40,0,5,https://www.imdb.com/name/nm0000195/?ref_=fn_nm_nm_0
Chevy Chase,FALSE,1975,1977,2,2,0,2,2,0,0,2,32,1,8,https://www.imdb.com/name/nm0000331/?ref_=fn_nm_nm_0
Brad Hall,FALSE,1982,1984,2,0,0,2,2,0,0,2,28,0,0,https://www.imdb.com/name/nm0355357/?ref_=fn_nm_nm_1
Cecily Strong,TRUE,2012,2023,11,0,0,11,10,1,0,1,21,0,0,https://www.imdb.com/name/nm5198446/?ref_=fn_nm_nm_1
Dan Aykroyd,FALSE,1975,1979,4,3,0,4,4,0,0,1,20,1,1,https://www.imdb.com/name/nm0000101/?ref_=fn_nm_nm_0
Brian Doyle-Murray,FALSE,1977,1982,5,5,0,2,2,0,0,1,20,0,0,https://www.imdb.com/name/nm0236519/?ref_=fn_nm_nm_1
Charles Rocket,FALSE,1980,1981,1,0,0,1,1,0,0,1,12,0,0,https://www.imdb.com/name/nm0734236/?ref_=fn_nm_nm_1
Christopher Guest,FALSE,1984,1985,1,1,0,1,1,0,0,1,10,0,0,https://www.imdb.com/name/nm0001302/?ref_=fn_nm_nm_0
Mary Gross,FALSE,1981,1985,4,1,0,4,4,0,0,1,7,0,0,https://www.imdb.com/name/nm0343444/?ref_=fn_nm_nm_0
Christine Ebersole,FALSE,1981,1982,1,0,0,1,1,0,0,1,6,0,0,https://www.imdb.com/name/nm0002056/?ref_=fn_nm_nm_0
Gail Matthius,FALSE,1980,1981,1,0,0,1,1,0,0,1,6,0,0,https://www.imdb.com/name/nm0560257/?ref_=fn_nm_nm_0
Billy Crystal,FALSE,1984,1985,1,1,0,1,1,0,0,2,3,0,3,https://www.imdb.com/name/nm0000345/?ref_=fn_nm_nm_1
Horatio Sanz,FALSE,1998,2006,8,0,0,8,7,1,0,1,2,0,0,https://www.imdb.com/name/nm0764445/?ref_=fn_nm_nm_0
Joe Piscopo,FALSE,1980,1984,4,2,0,4,4,0,0,1,1,0,0,https://www.imdb.com/name/nm0685472/?ref_=fn_nm_nm_1
Garrett Morris,FALSE,1975,1980,5,0,0,5,5,0,0,0,0,0,0,https://www.imdb.com/name/nm0606541/?ref_=fn_nm_nm_0
Fred Wolf,FALSE,1991,1996,5,4,1,2,0,2,0,0,0,0,0,https://www.imdb.com/name/nm0937748/?ref_=fn_nm_nm_0
James Downey (I),FALSE,1976,2014,29,29,9,1,0,1,0,0,0,0,0,https://www.imdb.com/name/nm0235999/?ref_=fn_al_nm_0
Tom Davis (I),FALSE,1975,2003,15,15,0,3,0,3,0,0,0,0,0,https://www.imdb.com/name/nm0205569/?ref_=fn_nm_nm_1
Al Franken,FALSE,1977,1995,15,15,0,11,0,11,0,0,0,0,0,https://www.imdb.com/name/nm0291253/?ref_=fn_nm_nm_0
Tom Schiller,FALSE,1975,1990,7,7,0,1,0,1,0,0,0,0,0,https://www.imdb.com/name/nm0771680/?ref_=fn_nm_nm_0
A. Whitney Brown,FALSE,1985,1991,6,6,0,6,0,6,0,0,0,0,0,https://www.imdb.com/name/nm0112944/?ref_=fn_nm_nm_1
Michael O'Donoghue,FALSE,1975,1982,6,6,5,1,1,0,0,0,0,0,0,https://www.imdb.com/name/nm0640874/?ref_=fn_nm_nm_1
Mikey Day,TRUE,2013,2023,10,4,0,7,5,2,0,0,0,0,0,https://www.imdb.com/name/nm1510062/?ref_=fn_nm_nm_1
Phil Hartman,FALSE,1986,1994,8,3,0,8,8,0,0,0,0,1,2,https://www.imdb.com/name/nm0367005/?ref_=fn_nm_nm_0
Jim Belushi,FALSE,1983,1985,2,2,0,2,2,0,0,0,0,0,0,https://www.imdb.com/name/nm0000902/?ref_=fn_nm_nm_1
Andrew Dismukes,TRUE,2017,2023,5,3,0,3,0,3,0,0,0,0,0,https://www.imdb.com/name/nm8608160/?ref_=fn_nm_nm_0
Robin Duke,FALSE,1981,1984,4,2,0,4,4,0,0,0,0,0,0,https://www.imdb.com/name/nm0241208/?ref_=fn_nm_nm_1
Leslie Jones,FALSE,2013,2019,6,2,0,5,3,2,0,0,0,0,0,https://www.imdb.com/name/nm0428656/?ref_=fn_nm_nm_1
Peter Aykroyd,FALSE,1979,1980,1,1,0,1,0,1,0,0,0,0,0,https://www.imdb.com/name/nm0043839/?ref_=fn_nm_nm_1
John Belushi,FALSE,1975,1979,4,1,0,4,4,0,0,0,0,1,0,https://www.imdb.com/name/nm0000004/?ref_=fn_nm_nm_1
Rich Hall,FALSE,1984,1985,1,1,0,1,1,0,0,0,0,0,0,https://www.imdb.com/name/nm0356025/?ref_=fn_nm_nm_1
Fred Armisen,FALSE,2002,2013,11,0,0,11,9,2,0,0,0,0,1,https://www.imdb.com/name/nm0035488/?ref_=fn_nm_nm_0
Morwenna Banks,FALSE,1995,1995,1,0,0,1,1,0,0,0,0,0,0,https://www.imdb.com/name/nm0052218/?ref_=fn_nm_nm_1
Vanessa Bayer,FALSE,2010,2017,7,0,0,7,5,2,0,0,0,0,0,https://www.imdb.com/name/nm3364779/?ref_=fn_nm_nm_0
Beck Bennett,FALSE,2013,2021,8,0,0,8,6,2,0,0,0,0,0,https://www.imdb.com/name/nm3080722/?ref_=fn_nm_nm_0
Jim Breuer,FALSE,1995,1998,3,0,0,3,3,0,0,0,0,0,0,https://www.imdb.com/name/nm0108028/?ref_=fn_nm_nm_1
Paul Brittain,FALSE,2010,2012,2,0,0,2,0,2,0,0,0,0,0,https://www.imdb.com/name/nm4204968/?ref_=fn_nm_nm_0
Aidy Bryant,FALSE,2012,2022,10,0,0,10,9,1,0,0,0,0,0,https://www.imdb.com/name/nm5262775/?ref_=fn_nm_nm_1
Beth Cahill,FALSE,1991,1992,1,0,0,1,0,1,0,0,0,0,0,https://www.imdb.com/name/nm0128639/?ref_=fn_nm_nm_1
Dana Carvey,FALSE,1986,1993,7,0,0,7,7,0,0,0,0,1,4,https://www.imdb.com/name/nm0001022/?ref_=fn_nm_nm_0
Ellen Cleghorne,FALSE,1991,1995,4,0,0,4,2,0,2,0,0,0,0,https://www.imdb.com/name/nm0165971/?ref_=fn_nm_nm_0
George Coe,FALSE,1975,1975,1,0,0,1,1,0,0,0,0,0,0,https://www.imdb.com/name/nm0168642/?ref_=fn_nm_nm_1
Joan Cusack,FALSE,1985,1986,1,0,0,1,1,0,0,0,0,0,0,https://www.imdb.com/name/nm0000349/?ref_=fn_nm_nm_1
Pete Davidson,FALSE,2014,2022,8,0,0,8,6,2,0,0,0,0,0,https://www.imdb.com/name/nm0203457/?ref_=fn_nm_nm_1
Denny Dillon,FALSE,1980,1981,1,0,0,1,1,0,0,0,0,0,0,https://www.imdb.com/name/nm0226986/?ref_=fn_nm_nm_0
Robert Downey Jr.,FALSE,1985,1986,1,0,0,1,1,0,0,0,0,0,1,https://www.imdb.com/name/nm0000375/?ref_=fn_nm_nm_1
Rachel Dratch,FALSE,1999,2006,7,0,0,7,5,2,0,0,0,0,0,https://www.imdb.com/name/nm0237222/?ref_=fn_nm_nm_0
Nora Dunn,FALSE,1985,1990,5,0,0,5,5,0,0,0,0,0,0,https://www.imdb.com/name/nm0004887/?ref_=fn_nm_nm_1
Dean Edwards,FALSE,2001,2003,2,0,0,2,0,2,0,0,0,0,0,https://www.imdb.com/name/nm0249931/?ref_=fn_nm_nm_1
Abby Elliott,FALSE,2008,2012,4,0,0,4,2,2,0,0,0,0,0,https://www.imdb.com/name/nm2212031/?ref_=fn_nm_nm_0
Chris Elliott,FALSE,1994,1995,1,0,0,1,1,0,0,0,0,0,0,https://www.imdb.com/name/nm0254402/?ref_=fn_nm_nm_0
Siobhan Fallon Hogan,FALSE,1991,1992,1,0,0,1,0,0,1,0,0,0,0,https://www.imdb.com/name/nm0266441/?ref_=fn_nm_nm_0
Chris Farley,FALSE,1990,1995,5,0,0,5,5,0,1,0,0,1,1,https://www.imdb.com/name/nm0000394/?ref_=fn_nm_nm_0
Will Ferrell,FALSE,1995,2002,7,0,0,7,7,0,0,0,0,1,5,https://www.imdb.com/name/nm0002071/?ref_=fn_nm_nm_1
Chloe Fineman,TRUE,2019,2023,4,0,0,4,2,2,0,0,0,0,0,https://www.imdb.com/name/nm4806887/?ref_=fn_nm_nm_1
Will Forte,FALSE,2002,2010,8,0,0,8,7,1,0,0,0,0,0,https://www.imdb.com/name/nm0287182/?ref_=fn_nm_nm_1
Heidi Gardner,TRUE,2017,2023,6,0,0,6,4,2,0,0,0,0,0,https://www.imdb.com/name/nm5906920/?ref_=fn_nm_nm_1
Janeane Garofalo,FALSE,1994,1995,1,0,0,1,1,0,0,0,0,0,0,https://www.imdb.com/name/nm0000413/?ref_=fn_nm_nm_1
Ana Gasteyer,FALSE,1996,2002,6,0,0,6,6,0,0,0,0,0,0,https://www.imdb.com/name/nm0309430/?ref_=fn_nm_nm_1
Gilbert Gottfried,FALSE,1980,1981,1,0,0,1,1,0,0,0,0,0,0,https://www.imdb.com/name/nm0331906/?ref_=fn_nm_nm_1
Bill Hader,FALSE,2005,2013,8,0,0,8,7,1,0,0,0,0,2,https://www.imdb.com/name/nm0352778/?ref_=fn_nm_nm_1
Anthony Michael Hall,FALSE,1985,1986,1,0,0,1,1,0,0,0,0,0,0,https://www.imdb.com/name/nm0001309/?ref_=fn_nm_nm_1
Darrell Hammond,FALSE,1995,2009,14,0,0,14,14,0,0,0,0,0,0,https://www.imdb.com/name/nm0358669/?ref_=fn_nm_nm_1
Lauren Holt,FALSE,2020,2021,1,0,0,1,0,1,0,0,0,0,0,https://www.imdb.com/name/nm7576527/?ref_=fn_nm_nm_1
Jan Hooks,FALSE,1986,1991,5,0,0,5,5,0,0,0,0,0,0,https://www.imdb.com/name/nm0393660/?ref_=fn_nm_nm_0
Yvonne Hudson,FALSE,1980,1981,1,0,0,1,0,1,0,0,0,0,0,https://www.imdb.com/name/nm0399994/?ref_=fn_nm_nm_1
Melanie Hutsell,FALSE,1991,1994,3,0,0,3,1,2,0,0,0,0,0,https://www.imdb.com/name/nm0404525/?ref_=fn_nm_nm_0
Victoria Jackson,FALSE,1986,1992,6,0,0,6,6,0,0,0,0,0,0,https://www.imdb.com/name/nm0414130/?ref_=fn_nm_nm_1
Punkie Johnson,TRUE,2020,2023,3,0,0,3,0,3,0,0,0,0,0,https://www.imdb.com/name/nm9790618/?ref_=fn_nm_nm_0
Chris Kattan,FALSE,1996,2003,8,0,0,8,7,1,0,0,0,1,0,https://www.imdb.com/name/nm0441592/?ref_=fn_nm_nm_0
Taran Killam,FALSE,2010,2016,6,0,0,6,4,2,0,0,0,0,0,https://www.imdb.com/name/nm0453115/?ref_=fn_nm_nm_1
David Koechner,FALSE,1995,1996,1,0,0,1,1,0,0,0,0,0,0,https://www.imdb.com/name/nm0462712/?ref_=fn_nm_nm_0
Gary Kroeger,FALSE,1982,1985,3,0,0,3,3,0,0,0,0,0,0,https://www.imdb.com/name/nm0471856/?ref_=fn_nm_nm_1
Matthew Laurance,FALSE,1980,1981,1,0,0,1,0,1,0,0,0,0,0,https://www.imdb.com/name/nm0491005/?ref_=fn_nm_nm_1
Julia Louis-Dreyfus,FALSE,1982,1985,3,0,0,3,3,0,0,0,0,0,3,https://www.imdb.com/name/nm0000506/?ref_=fn_nm_nm_0
Jon Lovitz,FALSE,1985,1990,5,0,0,5,5,0,0,0,0,1,1,https://www.imdb.com/name/nm0001484/?ref_=fn_nm_nm_0
Michael McKean,FALSE,1994,1995,2,0,0,2,2,0,0,0,0,0,1,https://www.imdb.com/name/nm0571106/?ref_=fn_nm_nm_0
Mark McKinney,FALSE,1985,1997,4,1,0,3,3,0,0,0,0,0,0,https://www.imdb.com/name/nm0571897/?ref_=fn_nm_nm_1
Kate McKinnon,FALSE,2012,2022,11,0,0,11,9,2,0,0,0,0,0,https://www.imdb.com/name/nm0571952/?ref_=fn_nm_nm_1
Tim Meadows,FALSE,1991,2000,10,1,0,10,10,0,0,0,0,1,0,https://www.imdb.com/name/nm0005218/?ref_=fn_nm_nm_1
Laurie Metcalf,FALSE,1981,1981,1,0,0,1,0,1,0,0,0,0,0,https://www.imdb.com/name/nm0582418/?ref_=fn_nm_nm_0
John Milhiser,FALSE,2013,2014,1,0,0,1,0,1,0,0,0,0,0,https://www.imdb.com/name/nm2275887/?ref_=fn_nm_nm_1
Jerry Minor,FALSE,2000,2001,1,1,0,1,0,1,0,0,0,0,0,https://www.imdb.com/name/nm0591576/?ref_=fn_nm_nm_0
Finesse Mitchell,FALSE,2003,2006,3,0,0,3,1,2,0,0,0,0,0,https://www.imdb.com/name/nm1459509/?ref_=fn_nm_nm_0
Alex Moffat,FALSE,2016,2022,6,0,0,6,4,2,0,0,0,0,0,https://www.imdb.com/name/nm5803981/?ref_=fn_nm_nm_1
Jay Mohr,FALSE,1993,1995,2,1,0,2,0,2,0,0,0,0,0,https://www.imdb.com/name/nm0001542/?ref_=fn_nm_nm_0
Kyle Mooney,FALSE,2013,2022,9,0,0,9,7,2,0,0,0,0,0,https://www.imdb.com/name/nm3324982/?ref_=fn_nm_nm_1
Tracy Morgan,FALSE,1996,2003,7,0,0,7,7,0,0,0,0,1,2,https://www.imdb.com/name/nm0605079/?ref_=fn_nm_nm_1
Bobby Moynihan,FALSE,2008,2017,9,0,0,9,7,2,0,0,0,0,0,https://www.imdb.com/name/nm1293885/?ref_=fn_nm_nm_1
Eddie Murphy,FALSE,1980,1984,4,2,0,4,3,1,0,0,0,1,3,https://www.imdb.com/name/nm0000552/?ref_=fn_nm_nm_1
Mike Myers,FALSE,1989,1995,7,2,0,7,7,1,0,0,0,1,1,https://www.imdb.com/name/nm0000196/?ref_=fn_nm_nm_0
Laraine Newman,FALSE,1975,1980,5,0,0,5,5,0,0,0,0,0,0,https://www.imdb.com/name/nm0628170/?ref_=fn_nm_nm_0
Don Novello,FALSE,1977,1986,4,4,0,2,0,2,0,0,0,0,1,https://www.imdb.com/name/nm0637038/?ref_=fn_nm_nm_1
Luke Null,FALSE,2017,2018,1,0,0,1,0,1,0,0,0,0,0,https://www.imdb.com/name/nm3760937/?ref_=fn_nm_nm_0
Ego Nwodim,TRUE,2018,2023,5,0,0,5,3,2,0,0,0,0,0,https://www.imdb.com/name/nm4945455/?ref_=fn_nm_nm_0
Michael Patrick O'Brien (II),FALSE,2009,2015,6,5,0,1,0,1,0,0,0,0,0,https://www.imdb.com/name/nm3653190/?ref_=fn_nm_nm_1
Cheri Oteri,FALSE,1995,2000,5,0,0,5,5,0,0,0,0,1,0,https://www.imdb.com/name/nm0652783/?ref_=fn_nm_nm_1
Chris Parnell,FALSE,1998,2006,8,0,0,8,7,1,0,0,0,0,0,https://www.imdb.com/name/nm0663177/?ref_=fn_nm_nm_0
Nasim Pedrad,FALSE,2009,2014,5,0,0,5,3,2,0,0,0,0,0,https://www.imdb.com/name/nm1840659/?ref_=fn_nm_nm_1
Jay Pharoah,FALSE,2010,2016,6,0,0,6,4,2,0,0,0,0,0,https://www.imdb.com/name/nm3982894/?ref_=fn_nm_nm_1
Emily Prager,FALSE,1981,1981,1,0,0,1,0,1,0,0,0,0,0,https://www.imdb.com/name/nm0695104/?ref_=fn_nm_nm_0
Randy Quaid,FALSE,1985,1986,1,0,0,1,1,0,0,0,0,0,0,https://www.imdb.com/name/nm0001642/?ref_=fn_nm_nm_0
Gilda Radner,FALSE,1975,1980,5,0,0,5,5,0,0,0,0,1,0,https://www.imdb.com/name/nm0705717/?ref_=fn_nm_nm_0
Chris Redd,FALSE,2017,2022,5,0,0,5,3,2,0,0,0,0,0,https://www.imdb.com/name/nm5412083/?ref_=fn_nm_nm_1
Jeff Richards (III),FALSE,2001,2004,3,0,0,3,1,2,0,0,0,0,0,https://www.imdb.com/name/nm0724145/?ref_=fn_al_nm_2
Rob Riggle,FALSE,2004,2005,1,0,0,1,0,1,0,0,0,0,0,https://www.imdb.com/name/nm1443527/?ref_=fn_nm_nm_0
Ann Risley,FALSE,1980,1981,1,0,0,1,1,0,0,0,0,0,0,https://www.imdb.com/name/nm0728315/?ref_=fn_nm_nm_0
Chris Rock,FALSE,1990,1993,3,0,0,3,2,0,1,0,0,1,3,https://www.imdb.com/name/nm0001674/?ref_=fn_nm_nm_0
Jon Rudnitsky,FALSE,2015,2016,1,0,0,1,0,1,0,0,0,0,0,https://www.imdb.com/name/nm4339544/?ref_=fn_nm_nm_0
Maya Rudolph,FALSE,2000,2007,9,0,0,9,7,2,0,0,0,0,2,https://www.imdb.com/name/nm0748973/?ref_=fn_nm_nm_1
Andy Samberg,FALSE,2005,2012,7,0,0,7,6,1,0,0,0,0,1,https://www.imdb.com/name/nm1676221/?ref_=fn_nm_nm_1
Paul Shaffer,FALSE,1979,1980,1,0,0,1,0,1,0,0,0,0,1,https://www.imdb.com/name/nm0787238/?ref_=fn_nm_nm_1
Molly Shannon,FALSE,1995,2001,7,0,0,7,6,1,0,0,0,1,1,https://www.imdb.com/name/nm0788340/?ref_=fn_nm_nm_1
Jenny Slate,FALSE,2009,2010,1,0,0,1,0,1,0,0,0,0,0,https://www.imdb.com/name/nm2809577/?ref_=fn_nm_nm_1
Pamela Stephenson,FALSE,1984,1985,1,0,0,1,1,0,0,0,0,0,0,https://www.imdb.com/name/nm0827298/?ref_=fn_nm_nm_1
Ben Stiller,FALSE,1989,1990,1,1,0,1,0,1,0,0,0,0,2,https://www.imdb.com/name/nm0001774/?ref_=fn_nm_nm_0
Julia Sweeney,FALSE,1990,1994,4,0,0,4,3,0,1,0,0,0,0,https://www.imdb.com/name/nm0842140/?ref_=fn_nm_nm_0
Kenan Thompson,FALSE,2003,2023,20,0,0,20,18,2,0,0,0,0,0,https://www.imdb.com/name/nm0860380/?ref_=fn_nm_nm_0
Danitra Vance,FALSE,1985,1986,1,0,0,1,1,0,0,0,0,0,0,https://www.imdb.com/name/nm0888503/?ref_=fn_nm_nm_0
Melissa Villaseñor,FALSE,2016,2022,6,0,0,6,4,2,0,0,0,0,0,https://www.imdb.com/name/nm3830257/?ref_=fn_nm_nm_1
Dan Vitale,FALSE,1985,1986,1,0,0,1,0,1,0,0,0,0,0,https://www.imdb.com/name/nm0899865/?ref_=fn_nm_nm_0
Nancy Carell,FALSE,1995,1996,1,0,0,1,1,0,0,0,0,0,0,https://www.imdb.com/name/nm0909391/?ref_=fn_nm_nm_0
Michaela Watkins,FALSE,2008,2009,1,0,0,1,0,1,0,0,0,0,0,https://www.imdb.com/name/nm1143861/?ref_=fn_nm_nm_1
Damon Wayans,FALSE,1985,1986,1,0,0,1,0,1,0,0,0,0,1,https://www.imdb.com/name/nm0001834/?ref_=fn_nm_nm_1
Patrick Weathers,FALSE,1980,1981,1,0,0,1,0,1,0,0,0,0,0,https://www.imdb.com/name/nm0915778/?ref_=fn_nm_nm_0
Noël Wells,FALSE,2013,2014,1,0,0,1,0,1,0,0,0,0,0,https://www.imdb.com/name/nm3644706/?ref_=fn_nm_nm_1
Brooks Wheelan,FALSE,2013,2014,1,0,0,1,0,1,0,0,0,0,0,https://www.imdb.com/name/nm5120390/?ref_=fn_nm_nm_1
Kristen Wiig,FALSE,2005,2012,7,0,0,7,6,1,0,0,0,0,4,https://www.imdb.com/name/nm1325419/?ref_=fn_nm_nm_1
Casey Wilson,FALSE,2008,2009,2,0,0,2,0,2,0,0,0,0,0,https://www.imdb.com/name/nm1988111/?ref_=fn_nm_nm_1
Sasheer Zamata,FALSE,2014,2017,4,0,0,4,3,1,0,0,0,0,0,https://www.imdb.com/name/nm3550886/?ref_=fn_nm_nm_1
Alan Zweibel,FALSE,1980,1980,1,5,0,1,0,1,0,0,0,0,0,https://www.imdb.com/name/nm0958993/?ref_=fn_nm_nm_1
Tim Kazurinsky,FALSE,1981,1984,4,3,0,4,4,0,0,0,0,0,0,https://www.imdb.com/name/nm0443730/?ref_=fn_nm_nm_0
Laura Kightlinger,FALSE,1994,1995,1,1,0,1,0,1,0,0,0,0,0,https://www.imdb.com/name/nm0452716/?ref_=fn_nm_nm_0
Tim Robinson,FALSE,2012,2016,4,3,0,1,0,1,0,0,0,0,0,https://www.imdb.com/name/nm4200503/?ref_=fn_nm_nm_0
Tony Rosato,FALSE,1981,1982,1,1,0,1,1,0,0,0,0,0,0,https://www.imdb.com/name/nm0711014/?ref_=fn_nm_nm_1
Adam Sandler,FALSE,1990,1995,6,3,0,6,2,3,1,0,0,1,1,https://www.imdb.com/name/nm0001191/?ref_=fn_nm_nm_1
Rob Schneider,FALSE,1989,1994,5,3,0,5,2,2,1,0,0,0,0,https://www.imdb.com/name/nm0001705/?ref_=fn_nm_nm_1
Harry Shearer,FALSE,1979,1985,2,2,0,2,2,0,0,0,0,0,0,https://www.imdb.com/name/nm0733427/?ref_=fn_nm_nm_0
Martin Short,FALSE,1984,1985,1,1,0,1,1,0,0,0,0,0,3,https://www.imdb.com/name/nm0001737/?ref_=fn_nm_nm_1
Sarah Silverman,FALSE,1993,1994,1,1,0,1,0,1,0,0,0,0,1,https://www.imdb.com/name/nm0798971/?ref_=fn_nm_nm_1
Robert Smigel,FALSE,1985,2008,23,23,0,2,0,2,0,0,0,0,0,https://www.imdb.com/name/nm0806912/?ref_=fn_nm_nm_0
David Spade,FALSE,1989,1996,7,3,0,7,3,3,1,0,0,1,2,https://www.imdb.com/name/nm0005450/?ref_=fn_nm_nm_1
Jason Sudeikis,FALSE,2003,2013,10,2,0,9,8,1,0,0,0,0,0,https://www.imdb.com/name/nm0837177/?ref_=fn_nm_nm_0
Terry Sweeney,FALSE,1980,1986,3,2,0,1,1,0,0,0,0,0,0,https://www.imdb.com/name/nm0842202/?ref_=fn_nm_nm_1
Bowen Yang,TRUE,2019,2023,5,1,0,4,2,2,0,0,0,0,0,https://www.imdb.com/name/nm6299248/?ref_=fn_nm_nm_1
Anne Beatts,FALSE,1975,1980,5,5,0,0,0,0,0,0,0,0,0,https://www.imdb.com/name/nm0064186/?ref_=fn_nm_nm_0
Lorne Michaels,TRUE,1975,2023,43,43,1,0,0,0,0,0,0,0,0,https://www.imdb.com/name/nm0584427/?ref_=fn_nm_nm_1
Marilyn Suzanne Miller,FALSE,1975,1995,7,7,0,0,0,0,0,0,0,0,0,https://www.imdb.com/name/nm0588897/?ref_=fn_nm_nm_0
Herbert Sargent,FALSE,1975,1995,17,17,2,0,0,0,0,0,0,0,0,https://www.imdb.com/name/nm0765109/?ref_=fn_nm_nm_0
Rosie Shuster,FALSE,1975,1988,8,8,0,0,0,0,0,0,0,0,0,https://www.imdb.com/name/nm0776874/?ref_=fn_nm_nm_1
Bruce McCall (I),FALSE,1976,1977,1,1,0,0,0,0,0,0,0,0,0,https://www.imdb.com/name/nm0564620/?ref_=fn_al_nm_0
Neil Levy,FALSE,1977,1978,1,1,0,0,0,0,0,0,0,0,0,https://www.imdb.com/name/nm0506561/?ref_=fn_nm_nm_1
Brian McConnachie,FALSE,1978,1979,1,1,0,0,0,0,0,0,0,0,0,https://www.imdb.com/name/nm0566234/?ref_=fn_nm_nm_1
Walter Williams,FALSE,1978,1979,1,1,0,0,0,0,0,0,0,0,0,https://www.imdb.com/name/nm0931906/?ref_=fn_nm_nm_1
Tom Gammill,FALSE,1979,1980,1,1,0,0,0,0,0,0,0,0,0,https://www.imdb.com/name/nm0303991/?ref_=fn_nm_nm_1
Matt Neuman,FALSE,1979,1981,2,2,0,0,0,0,0,0,0,0,0,https://www.imdb.com/name/nm1238470/?ref_=fn_nm_nm_0
Sarah Paley,FALSE,1979,1980,1,1,0,0,0,0,0,0,0,0,0,https://www.imdb.com/name/nm1238548/?ref_=fn_nm_nm_0
Max Pross,FALSE,1979,1980,1,1,0,0,0,0,0,0,0,0,0,https://www.imdb.com/name/nm0698795/?ref_=fn_nm_nm_0
Larry Arnstein,FALSE,1980,1981,1,1,0,0,0,0,0,0,0,0,0,https://www.imdb.com/name/nm0036784/?ref_=fn_nm_nm_1
Barry W. Blaustein,FALSE,1980,1983,3,3,0,0,0,0,0,0,0,0,0,https://www.imdb.com/name/nm0087904/?ref_=fn_nm_nm_1
Billy Brown (X),FALSE,1980,1981,1,1,0,0,0,0,0,0,0,0,0,https://www.imdb.com/name/nm0113126/?ref_=fn_nm_nm_1
Ferris Butler,FALSE,1980,1981,1,1,0,0,0,0,0,0,0,0,0,https://www.imdb.com/name/nm2953521/?ref_=fn_nm_nm_1
John DeBellis,FALSE,1980,1981,1,1,0,0,0,0,0,0,0,0,0,https://www.imdb.com/name/nm0213377/?ref_=fn_nm_nm_0
Jean Doumanian,FALSE,1980,1981,1,1,0,0,0,0,0,0,0,0,0,https://www.imdb.com/name/nm0235389/?ref_=fn_nm_nm_1
Nancy Dowd,FALSE,1980,1981,1,1,0,0,0,0,0,0,0,0,0,https://www.imdb.com/name/nm0235683/?ref_=fn_nm_nm_0
Leslie Fuller (III),FALSE,1980,1981,1,1,0,0,0,0,0,0,0,0,0,https://www.imdb.com/name/nm1392887/?ref_=fn_al_nm_2
Mel Green (II),FALSE,1980,1981,1,1,0,0,0,0,0,0,0,0,0,https://www.imdb.com/name/nm0338154/?ref_=ttfc_fc_wr638
David Hurwitz,FALSE,1980,1981,1,1,0,0,0,0,0,0,0,0,0,https://www.imdb.com/name/nm0403791/?ref_=fn_nm_nm_2
Judith Belushi-Pisano,FALSE,1980,1981,1,1,0,0,0,0,0,0,0,0,0,https://www.imdb.com/name/nm0413147/?ref_=fn_nm_nm_1
Sean Kelly (V),FALSE,1980,1981,1,1,0,0,0,0,0,0,0,0,0,https://www.imdb.com/name/nm0446859/?ref_=fn_nm_nm_1
Mitchell Kriegman,FALSE,1980,1981,1,1,0,0,0,0,0,0,0,0,0,https://www.imdb.com/name/nm0471233/?ref_=fn_nm_nm_0
Patricia Marx,FALSE,1980,1981,1,1,0,0,0,0,0,0,0,0,0,https://www.imdb.com/name/nm0555658/?ref_=fn_nm_nm_2
Douglas McGrath,FALSE,1980,1981,1,1,0,0,0,0,0,0,0,0,0,https://www.imdb.com/name/nm0569790/?ref_=fn_nm_nm_0
Tom Moore (III),FALSE,1980,1981,1,1,1,0,0,0,0,0,0,0,0,https://www.imdb.com/name/nm0601964/?ref_=fn_nm_nm_1
Pamela Norris,FALSE,1980,1984,4,4,0,0,0,0,0,0,0,0,0,https://www.imdb.com/name/nm0635873/?ref_=fn_nm_nm_1
Mark Reisman,FALSE,1980,1981,1,1,0,0,0,0,0,0,0,0,0,https://www.imdb.com/name/nm0718459/?ref_=fn_nm_nm_1
David Sheffield,FALSE,1980,1983,3,3,0,0,0,0,0,0,0,0,0,https://www.imdb.com/name/nm0790775/?ref_=fn_nm_nm_1
Jeremy Stevens,FALSE,1980,1981,1,1,1,0,0,0,0,0,0,0,0,https://www.imdb.com/name/nm0828484/?ref_=fn_nm_nm_1
Bob Tischler,FALSE,1980,1985,5,5,4,0,0,0,0,0,0,0,0,https://www.imdb.com/name/nm0864293/?ref_=fn_nm_nm_1
Mason Williams,FALSE,1980,1981,1,1,1,0,0,0,0,0,0,0,0,https://www.imdb.com/name/nm0931281/?ref_=fn_nm_nm_1
Dirk Wittenborn,FALSE,1980,1981,1,1,0,0,0,0,0,0,0,0,0,https://www.imdb.com/name/nm0936999/?ref_=fn_nm_nm_1
Joe Bodolai,FALSE,1981,1982,1,1,0,0,0,0,0,0,0,0,0,https://www.imdb.com/name/nm1188688/?ref_=fn_nm_nm_1
Nate Herman,FALSE,1981,1985,4,4,0,0,0,0,0,0,0,0,0,https://www.imdb.com/name/nm2953522/?ref_=fn_nm_nm_1
Nelson Lyon,FALSE,1981,1982,1,1,0,0,0,0,0,0,0,0,0,https://www.imdb.com/name/nm0528962/?ref_=fn_nm_nm_1
Mark O'Donnell (IV),FALSE,1981,1982,1,1,0,0,0,0,0,0,0,0,0,https://www.imdb.com/name/nm2843346/?ref_=fn_nm_nm_1
Margaret Oberman,FALSE,1981,1985,4,4,0,0,0,0,0,0,0,0,0,https://www.imdb.com/name/nm0643315/?ref_=fn_nm_nm_1
Andrew Smith (III),FALSE,1981,1985,4,4,2,0,0,0,0,0,0,0,0,https://www.imdb.com/name/nm0807308/?ref_=ttfc_fc_wr367
Terry Southern,FALSE,1981,1982,1,1,0,0,0,0,0,0,0,0,0,https://www.imdb.com/name/nm0816143/?ref_=fn_nm_nm_1
Eliot Wald,FALSE,1981,1985,4,4,0,0,0,0,0,0,0,0,0,https://www.imdb.com/name/nm0906997/?ref_=fn_nm_nm_1
Andrew Kurtzman,FALSE,1982,1985,3,3,0,0,0,0,0,0,0,0,0,https://www.imdb.com/name/nm0476065/?ref_=fn_nm_nm_1
Ellen L. Fogle,FALSE,1982,1983,1,1,0,0,0,0,0,0,0,0,0,https://www.imdb.com/name/nm0283941/?ref_=fn_nm_nm_1
Tracy Tormé,FALSE,1982,1983,1,1,0,0,0,0,0,0,0,0,0,https://www.imdb.com/name/nm0868124/?ref_=fn_nm_nm_1
Andy Breckman,FALSE,1983,1987,3,3,0,0,0,0,0,0,0,0,0,https://www.imdb.com/name/nm0106563/?ref_=fn_nm_nm_1
Adam Green (II),FALSE,1983,1984,1,1,0,0,0,0,0,0,0,0,0,https://www.imdb.com/name/nm0337580/?ref_=ttfc_fc_wr591
Kevin Kelton,FALSE,1983,1985,2,2,0,0,0,0,0,0,0,0,0,https://www.imdb.com/name/nm0447124/?ref_=fn_nm_nm_0
Michael C. McCarthy,FALSE,1983,1984,1,1,0,0,0,0,0,0,0,0,0,https://www.imdb.com/name/nm0565258/?ref_=fn_nm_nm_0
Larry David,FALSE,1984,1985,1,1,0,0,0,0,0,0,0,0,0,https://www.imdb.com/name/nm0202970/?ref_=fn_nm_nm_1
Rob Riley (I),FALSE,1984,1985,1,1,0,0,0,0,0,0,0,0,0,https://www.imdb.com/name/nm0726988/?ref_=fn_al_nm_7
Jack Handey,FALSE,1985,2001,10,10,0,0,0,0,0,0,0,0,0,https://www.imdb.com/name/nm0359532/?ref_=fn_nm_nm_1
Lanier Laney,FALSE,1985,1986,1,1,0,0,0,0,0,0,0,0,0,https://www.imdb.com/name/nm0485640/?ref_=fn_nm_nm_0
Carol Leifer,FALSE,1985,1986,1,1,0,0,0,0,0,0,0,0,0,https://www.imdb.com/name/nm0500140/?ref_=fn_nm_nm_0
George Meyer,FALSE,1985,1989,4,4,0,0,0,0,0,0,0,0,0,https://www.imdb.com/name/nm0583127/?ref_=fn_nm_nm_0
Bruce McCulloch,FALSE,1985,1986,1,1,0,0,0,0,0,0,0,0,0,https://www.imdb.com/name/nm0567126/?ref_=fn_nm_nm_1
Richard Rosen (IV),FALSE,1985,1986,1,1,0,0,0,0,0,0,0,0,0,https://www.imdb.com/name/nm2399917/?ref_=fn_nm_nm_1
Suzy Schneider,FALSE,1985,1986,1,1,0,0,0,0,0,0,0,0,0,https://www.imdb.com/name/nm2954512/?ref_=fn_nm_nm_2
John Swartzwelder,FALSE,1985,1986,1,1,0,0,0,0,0,0,0,0,0,https://www.imdb.com/name/nm0841990/?ref_=fn_nm_nm_1
E. Jean Carroll,FALSE,1986,1987,1,1,0,0,0,0,0,0,0,0,0,https://www.imdb.com/name/nm0140800/?ref_=fn_nm_nm_0
Marc Shaiman,FALSE,1986,1989,2,2,0,0,0,0,0,0,0,0,0,https://www.imdb.com/name/nm0003299/?ref_=fn_nm_nm_0
Bonnie Turner,FALSE,1986,1992,6,6,0,0,0,0,0,0,0,0,0,https://www.imdb.com/name/nm0877425/?ref_=fn_nm_nm_0
Terry Turner,FALSE,1986,1992,6,6,0,0,0,0,0,0,0,0,0,https://www.imdb.com/name/nm0877901/?ref_=fn_nm_nm_0
Jon Vitti,FALSE,1986,1987,1,1,0,0,0,0,0,0,0,0,0,https://www.imdb.com/name/nm0900140/?ref_=fn_nm_nm_1
Christine Zander,FALSE,1986,1993,7,7,0,0,0,0,0,0,0,0,0,https://www.imdb.com/name/nm0952863/?ref_=fn_nm_nm_0
Greg Daniels,FALSE,1987,1990,3,3,0,0,0,0,0,0,0,0,0,https://www.imdb.com/name/nm0199948/?ref_=fn_nm_nm_1
Conan O'Brien,FALSE,1987,1991,4,4,0,0,0,0,0,0,0,0,0,https://www.imdb.com/name/nm0005277/?ref_=fn_nm_nm_0
Bob Odenkirk,FALSE,1987,1991,4,4,0,0,0,0,0,0,0,0,0,https://www.imdb.com/name/nm0644022/?ref_=fn_nm_nm_1
John Bowman,FALSE,1988,1989,1,1,0,0,0,0,0,0,0,0,0,https://www.imdb.com/name/nm0101337/?ref_=fn_nm_nm_0
Shannon Gaughan,FALSE,1988,1989,1,1,0,0,0,0,0,0,0,0,0,https://www.imdb.com/name/nm0969183/?ref_=fn_nm_nm_0
Tom Hymes,FALSE,1989,1990,1,1,0,0,0,0,0,0,0,0,0,https://www.imdb.com/name/nm1631821/?ref_=fn_nm_nm_1
Dan McGrath (I),FALSE,1990,1992,2,2,0,0,0,0,0,0,0,0,0,https://www.imdb.com/name/nm0569775/?ref_=fn_nm_nm_1
Andy Robin (I),FALSE,1990,1991,1,1,0,0,0,0,0,0,0,0,0,https://www.imdb.com/name/nm0732165/?ref_=fn_nm_nm_1
Warren Hutcherson,FALSE,1991,1993,2,2,0,0,0,0,0,0,0,0,0,https://www.imdb.com/name/nm0404209/?ref_=fn_nm_nm_0
Steve Koren,FALSE,1991,1998,6,6,0,0,0,0,0,0,0,0,0,https://www.imdb.com/name/nm0466175/?ref_=fn_nm_nm_0
Ian Maxtone-Graham,FALSE,1991,1995,4,4,0,0,0,0,0,0,0,0,0,https://www.imdb.com/name/nm0561631/?ref_=fn_nm_nm_0
Bruce Handy,FALSE,1992,1993,1,1,0,0,0,0,0,0,0,0,0,https://www.imdb.com/name/nm1554692/?ref_=fn_nm_nm_0
Dawna Kaufmann,FALSE,1992,1993,1,1,0,0,0,0,0,0,0,0,0,https://www.imdb.com/name/nm0442126/?ref_=fn_nm_nm_1
David Mandel,FALSE,1992,1995,3,3,0,0,0,0,0,0,0,0,0,https://www.imdb.com/name/nm0541635/?ref_=fn_nm_nm_0
Vanessa Middleton,FALSE,1992,1993,1,1,0,0,0,0,0,0,0,0,0,https://www.imdb.com/name/nm0585583/?ref_=fn_nm_nm_1
Glenn Rockowitz,FALSE,1992,1993,1,1,0,0,0,0,0,0,0,0,0,https://www.imdb.com/name/nm1032308/?ref_=fn_nm_nm_0
Dave Attell,FALSE,1993,1994,1,1,0,0,0,0,0,0,0,0,0,https://www.imdb.com/name/nm0040995/?ref_=fn_nm_nm_0
Tony De Sena (I),FALSE,1993,1994,1,1,0,0,0,0,0,0,0,0,0,https://www.imdb.com/name/nm1096215/?ref_=fn_al_nm_0
Tim Herlihy,FALSE,1993,2000,7,7,1,0,0,0,0,0,0,0,0,https://www.imdb.com/name/nm0379056/?ref_=fn_nm_nm_0
Steve Lookner,FALSE,1993,1995,2,2,0,0,0,0,0,0,0,0,0,https://www.imdb.com/name/nm0382769/?ref_=fn_nm_nm_1
Lewis Morton,FALSE,1993,1995,2,2,0,0,0,0,0,0,0,0,0,https://www.imdb.com/name/nm0608034/?ref_=fn_nm_nm_0
Ross Abrash,FALSE,1994,1998,4,4,0,0,0,0,0,0,0,0,0,https://www.imdb.com/name/nm1039205/?ref_=fn_nm_nm_0
Norm Hiscock,FALSE,1994,1997,3,3,0,0,0,0,0,0,0,0,0,https://www.imdb.com/name/nm0386780/?ref_=fn_nm_nm_0
Brian Kelley (I),FALSE,1994,1995,1,1,0,0,0,0,0,0,0,0,0,https://www.imdb.com/name/nm0445877/?ref_=fn_al_nm_5
Margo Meyer,FALSE,1994,1995,1,1,0,0,0,0,0,0,0,0,0,https://www.imdb.com/name/nm12200979/?ref_=fn_nm_nm_0
Adam Resnick,FALSE,1994,1995,1,1,0,0,0,0,0,0,0,0,0,https://www.imdb.com/name/nm0720304/?ref_=fn_nm_nm_1
Drake Sather,FALSE,1994,1995,1,1,0,0,0,0,0,0,0,0,0,https://www.imdb.com/name/nm0766153/?ref_=fn_nm_nm_0
Steve Higgins,TRUE,1995,2023,28,28,1,0,0,0,0,0,0,0,0,https://www.imdb.com/name/nm0383492/?ref_=fn_nm_nm_1
Cindy Caponera,FALSE,1995,1998,3,3,0,0,0,0,0,0,0,0,0,https://www.imdb.com/name/nm0135359/?ref_=fn_nm_nm_0
Hugh Fink,FALSE,1995,2002,7,7,0,0,0,0,0,0,0,0,0,https://www.imdb.com/name/nm0277813/?ref_=fn_nm_nm_1
Tom Gianas,FALSE,1995,1998,3,3,0,0,0,0,0,0,0,0,0,https://www.imdb.com/name/nm0316139/?ref_=fn_nm_nm_1
Peter Gaulke,FALSE,1995,1996,1,1,0,0,0,0,0,0,0,0,0,https://www.imdb.com/name/nm0310087/?ref_=fn_nm_nm_1
Erin Fraser (III),FALSE,1995,1996,1,1,0,0,0,0,0,0,0,0,0,https://www.imdb.com/name/nm0549524/?ref_=fn_al_nm_0
Adam McKay,FALSE,1995,2001,6,6,3,0,0,0,0,0,0,0,0,https://www.imdb.com/name/nm0570912/?ref_=fn_nm_nm_1
Dennis McNicholas,FALSE,1995,2023,18,18,4,0,0,0,0,0,0,0,0,https://www.imdb.com/name/nm0574005/?ref_=fn_nm_nm_0
Lori Nasso,FALSE,1995,1999,4,4,0,0,0,0,0,0,0,0,0,https://www.imdb.com/name/nm0621994/?ref_=fn_nm_nm_0
Paula Pell,FALSE,1995,2009,18,18,2,0,0,0,0,0,0,0,0,https://www.imdb.com/name/nm0996134/?ref_=fn_nm_nm_1
Frank Sebastiano,FALSE,1995,2006,9,9,0,0,0,0,0,0,0,0,0,https://www.imdb.com/name/nm0780980/?ref_=fn_nm_nm_0
Andrew Steele (I),FALSE,1995,2008,13,13,4,0,0,0,0,0,0,0,0,https://www.imdb.com/name/nm0824482/?ref_=fn_nm_nm_1
David Breckman,FALSE,1996,1997,1,1,0,0,0,0,0,0,0,0,0,https://www.imdb.com/name/nm1184512/?ref_=fn_nm_nm_0
Robert Carlock,FALSE,1996,2001,5,5,0,0,0,0,0,0,0,0,0,https://www.imdb.com/name/nm1061622/?ref_=fn_nm_nm_1
Stephen Colbert,FALSE,1996,1997,1,1,0,0,0,0,0,0,0,0,0,https://www.imdb.com/name/nm0170306/?ref_=fn_nm_nm_0
Matt Piedmont,FALSE,1996,2002,6,6,0,0,0,0,0,0,0,0,0,https://www.imdb.com/name/nm0682126/?ref_=fn_nm_nm_1
Scott Wainio,FALSE,1996,2003,7,7,0,0,0,0,0,0,0,0,0,https://www.imdb.com/name/nm0906511/?ref_=fn_nm_nm_0
Michael McCullers,FALSE,1997,1998,1,1,0,0,0,0,0,0,0,0,0,https://www.imdb.com/name/nm0567112/?ref_=fn_nm_nm_0
Michael Schur,FALSE,1997,2004,7,7,0,0,0,0,0,0,0,0,0,https://www.imdb.com/name/nm1321658/?ref_=fn_nm_nm_0
Jerry Collins,FALSE,1998,2000,2,2,0,0,0,0,0,0,0,0,0,https://www.imdb.com/name/nm0172381/?ref_=fn_nm_nm_0
Steven Cragg,FALSE,1998,2000,2,2,0,0,0,0,0,0,0,0,0,https://www.imdb.com/name/nm0185735/?ref_=fn_nm_nm_1
Tony Daro,FALSE,1998,2001,3,3,0,0,0,0,0,0,0,0,0,https://www.imdb.com/name/nm1720857/?ref_=fn_nm_nm_0
Richard Francese,FALSE,1998,2000,2,2,0,0,0,0,0,0,0,0,0,https://www.imdb.com/name/nm0289927/?ref_=fn_nm_nm_0
Matt Graham (II),FALSE,1998,1999,1,1,0,0,0,0,0,0,0,0,0,https://www.imdb.com/name/nm1757994/?ref_=fn_nm_nm_1
Ray James,FALSE,1998,1999,1,1,0,0,0,0,0,0,0,0,0,https://www.imdb.com/name/nm0416853/?ref_=fn_nm_nm_0
T. Sean Shannon,FALSE,1998,2006,8,8,0,0,0,0,0,0,0,0,0,https://www.imdb.com/name/nm0780643/?ref_=fn_nm_nm_0
Kevin Brennan,FALSE,1999,2000,1,1,0,0,0,0,0,0,0,0,0,https://www.imdb.com/name/nm0107339/?ref_=fn_nm_nm_1
Ali Reza,FALSE,1999,2000,1,1,0,0,0,0,0,0,0,0,0,https://www.imdb.com/name/nm0995946/?ref_=fn_nm_nm_0
J.J. Philbin,FALSE,1999,2000,1,1,0,0,0,0,0,0,0,0,0,https://www.imdb.com/name/nm0679902/?ref_=fn_nm_nm_1
James Anderson (XI),FALSE,2000,2020,20,20,0,0,0,0,0,0,0,0,0,https://www.imdb.com/name/nm1318184/?ref_=fn_al_nm_9
Melanie Graham (I),FALSE,2000,2001,1,1,0,0,0,0,0,0,0,0,0,https://www.imdb.com/name/nm0334218/?ref_=fn_nm_nm_1
Erik Kenward,TRUE,2000,2023,23,23,0,0,0,0,0,0,0,0,0,https://www.imdb.com/name/nm1334502/?ref_=fn_nm_nm_0
Jon Rosenfeld,FALSE,2000,2001,1,1,0,0,0,0,0,0,0,0,0,https://www.imdb.com/name/nm1720897/?ref_=fn_nm_nm_2
Doug Abeles,FALSE,2001,2011,10,10,0,0,0,0,0,0,0,0,0,https://www.imdb.com/name/nm1263023/?ref_=fn_nm_nm_1
Max Brooks,FALSE,2001,2003,2,2,0,0,0,0,0,0,0,0,0,https://www.imdb.com/name/nm0112150/?ref_=fn_nm_nm_0
Louis C.K.,FALSE,2001,2004,3,3,0,0,0,0,0,0,0,0,4,https://www.imdb.com/name/nm0127373/?ref_=fn_nm_nm_0
Charlie Grandy,FALSE,2001,2008,7,7,0,0,0,0,0,0,0,0,0,https://www.imdb.com/name/nm0334946/?ref_=fn_nm_nm_0
Ken Scarborough,FALSE,2001,2004,3,3,0,0,0,0,0,0,0,0,0,https://www.imdb.com/name/nm0769095/?ref_=fn_nm_nm_0
Barry Sobel,FALSE,2000,2001,1,1,0,0,0,0,0,0,0,0,0,https://www.imdb.com/name/nm0811746/?ref_=fn_nm_nm_0
Leo Allen,FALSE,2002,2005,3,3,0,0,0,0,0,0,0,0,0,https://www.imdb.com/name/nm1179485/?ref_=fn_nm_nm_1
James Eagan,FALSE,2002,2004,2,2,0,0,0,0,0,0,0,0,0,https://www.imdb.com/name/nm0247063/?ref_=fn_nm_nm_0
Corwin Moore,FALSE,2002,2003,1,1,0,0,0,0,0,0,0,0,0,https://www.imdb.com/name/nm0601074/?ref_=fn_nm_nm_1
Eric Slovin,FALSE,2002,2005,3,3,0,0,0,0,0,0,0,0,0,https://www.imdb.com/name/nm0806246/?ref_=fn_nm_nm_1
Emily Spivey,FALSE,2002,2010,8,8,0,0,0,0,0,0,0,0,0,https://www.imdb.com/name/nm0819225/?ref_=fn_nm_nm_1
Jordan Black,FALSE,2003,2004,1,1,0,0,0,0,0,0,0,0,0,https://www.imdb.com/name/nm0085359/?ref_=fn_nm_nm_1
Liz Cackowski,FALSE,2003,2006,3,3,0,0,0,0,0,0,0,0,0,https://www.imdb.com/name/nm1560199/?ref_=fn_nm_nm_0
David Iserson,FALSE,2003,2004,1,1,0,0,0,0,0,0,0,0,0,https://www.imdb.com/name/nm1503347/?ref_=fn_nm_nm_0
Joe Kelly,FALSE,2003,2013,3,3,0,0,0,0,0,0,0,0,0,https://www.imdb.com/name/nm1918708/?ref_=fn_nm_nm_0
John Lutz,FALSE,2003,2010,7,7,0,0,0,0,0,0,0,0,0,https://www.imdb.com/name/nm0527572/?ref_=fn_nm_nm_0
J.B. Smoove,FALSE,2003,2006,3,3,0,0,0,0,0,0,0,0,0,https://www.imdb.com/name/nm1356578/?ref_=fn_nm_nm_0
Rich Talarico,FALSE,2003,2005,2,2,0,0,0,0,0,0,0,0,0,https://www.imdb.com/name/nm0847822/?ref_=fn_nm_nm_0
Alex Baze,FALSE,2004,2014,10,10,0,0,0,0,0,0,0,0,0,https://www.imdb.com/name/nm1733287/?ref_=fn_nm_nm_0
Matt Murray (I),FALSE,2004,2007,3,3,0,0,0,0,0,0,0,0,0,https://www.imdb.com/name/nm1230361/?ref_=fn_al_nm_2
Lauren Pomerantz,FALSE,2004,2005,1,1,0,0,0,0,0,0,0,0,0,https://www.imdb.com/name/nm1729395/?ref_=fn_nm_nm_0
Akiva Schaffer,FALSE,2005,2011,6,6,0,0,0,0,0,0,0,0,0,https://www.imdb.com/name/nm1676223/?ref_=fn_nm_nm_0
Jorma Taccone,FALSE,2005,2011,6,6,0,0,0,0,0,0,0,0,0,https://www.imdb.com/name/nm1672246/?ref_=fn_nm_nm_0
Bryan H. Tucker,TRUE,2005,2023,18,18,5,0,0,0,0,0,0,0,0,https://www.imdb.com/name/nm1317704/?ref_=fn_nm_nm_1
Marika Sawyer,FALSE,2006,2014,8,8,0,0,0,0,0,0,0,0,0,https://www.imdb.com/name/nm2854926/?ref_=fn_nm_nm_0
John Solomon,FALSE,2006,2015,9,9,0,0,0,0,0,0,0,0,0,https://www.imdb.com/name/nm1231253/?ref_=fn_nm_nm_0
Rob Klein,FALSE,2007,2017,10,10,3,0,0,0,0,0,0,0,0,https://www.imdb.com/name/nm2914092/?ref_=fn_nm_nm_1
Simon Rich,FALSE,2007,2011,4,4,0,0,0,0,0,0,0,0,0,https://www.imdb.com/name/nm2919995/?ref_=fn_nm_nm_0
Kent Sublette,TRUE,2007,2023,16,16,7,0,0,0,0,0,0,0,0,https://www.imdb.com/name/nm1229014/?ref_=fn_nm_nm_1
Jessica Conrad,FALSE,2008,2012,4,4,0,0,0,0,0,0,0,0,0,https://www.imdb.com/name/nm3165087/?ref_=fn_nm_nm_0
John Mulaney,FALSE,2008,2012,4,4,0,0,0,0,0,0,0,0,4,https://www.imdb.com/name/nm1825214/?ref_=fn_nm_nm_1
Jillian Bell,FALSE,2009,2010,1,1,0,0,0,0,0,0,0,0,0,https://www.imdb.com/name/nm3255459/?ref_=fn_nm_nm_0
Hannibal Buress,FALSE,2009,2010,1,1,0,0,0,0,0,0,0,0,0,https://www.imdb.com/name/nm2868110/?ref_=fn_nm_nm_0
Jessi Klein,FALSE,2009,2010,1,1,0,0,0,0,0,0,0,0,0,https://www.imdb.com/name/nm1585728/?ref_=fn_nm_nm_0
Christine Nangle,FALSE,2009,2012,3,3,0,0,0,0,0,0,0,0,0,https://www.imdb.com/name/nm3652881/?ref_=fn_nm_nm_1
Ryan Perez (I),FALSE,2009,2010,1,1,0,0,0,0,0,0,0,0,0,https://www.imdb.com/name/nm1885677/?ref_=fn_al_nm_2
Heather Anne Campbell,FALSE,2010,2011,1,1,0,0,0,0,0,0,0,0,0,https://www.imdb.com/name/nm2216111/?ref_=fn_nm_nm_0
Matthew Craig (II),FALSE,2010,2011,1,1,0,0,0,0,0,0,0,0,0,https://www.imdb.com/name/nm2924462/?ref_=fn_nm_nm_1
Tom Flanigan (I),FALSE,2010,2011,1,1,0,0,0,0,0,0,0,0,0,https://www.imdb.com/name/nm2475841/?ref_=fn_nm_nm_1
Shelly Gossman,FALSE,2010,2012,2,2,0,0,0,0,0,0,0,0,0,https://www.imdb.com/name/nm4586457/?ref_=fn_nm_nm_0
Jonathan Krisel,FALSE,2010,2011,1,1,0,0,0,0,0,0,0,0,0,https://www.imdb.com/name/nm1730037/?ref_=fn_nm_nm_1
Sarah Schneider,FALSE,2010,2017,7,7,1,0,0,0,0,0,0,0,0,https://www.imdb.com/name/nm1365351/?ref_=fn_nm_nm_0
Zach Kanin,FALSE,2011,2016,5,5,0,0,0,0,0,0,0,0,0,https://www.imdb.com/name/nm2385671/?ref_=fn_nm_nm_1
Chris Kelly,FALSE,2011,2017,6,6,1,0,0,0,0,0,0,0,0,https://www.imdb.com/name/nm6287571/?ref_=fn_nm_nm_2
Pete Schultz,TRUE,2011,2023,12,12,0,0,0,0,0,0,0,0,0,https://www.imdb.com/name/nm3965483/?ref_=fn_nm_nm_0
Neil Casey,FALSE,2012,2013,1,1,0,0,0,0,0,0,0,0,0,https://www.imdb.com/name/nm2654481/?ref_=fn_nm_nm_0
Josh Patten,TRUE,2012,2023,11,11,0,0,0,0,0,0,0,0,0,https://www.imdb.com/name/nm4483652/?ref_=fn_nm_nm_1
Claire Mulaney,FALSE,2013,2015,2,2,0,0,0,0,0,0,0,0,0,https://www.imdb.com/name/nm6004139/?ref_=fn_nm_nm_1
Katie Rich,FALSE,2013,2019,6,6,0,0,0,0,0,0,0,0,0,https://www.imdb.com/name/nm5098521/?ref_=fn_nm_nm_0
LaKendra Tookes,FALSE,2013,2014,1,1,0,0,0,0,0,0,0,0,0,https://www.imdb.com/name/nm6228635/?ref_=fn_nm_nm_1
Jeremy Beiler,FALSE,2014,2017,2,2,0,0,0,0,0,0,0,0,0,https://www.imdb.com/name/nm1501030/?ref_=fn_nm_nm_0
Dave McCary,FALSE,2014,2018,3,3,0,0,0,0,0,0,0,0,0,https://www.imdb.com/name/nm5050824/?ref_=fn_nm_nm_0
Natasha Rothwell,FALSE,2014,2015,1,1,0,0,0,0,0,0,0,0,0,https://www.imdb.com/name/nm5625020/?ref_=fn_nm_nm_0
Nicholas Rutherford,FALSE,2014,2015,1,1,0,0,0,0,0,0,0,0,0,https://www.imdb.com/name/nm0751990/?ref_=fn_nm_nm_1
Meredith Scardino,FALSE,2014,2015,1,1,0,0,0,0,0,0,0,0,0,https://www.imdb.com/name/nm2227704/?ref_=fn_nm_nm_0
Chris Belair,FALSE,2015,2016,1,1,0,0,0,0,0,0,0,0,0,https://www.imdb.com/name/nm3677049/?ref_=fn_nm_nm_0
Paul Masella,FALSE,2015,2016,1,1,0,0,0,0,0,0,0,0,0,https://www.imdb.com/name/nm3688724/?ref_=fn_nm_nm_0
Dave Sirus,FALSE,2015,2016,1,1,0,0,0,0,0,0,0,0,0,https://www.imdb.com/name/nm3461468/?ref_=fn_nm_nm_0
Will Stephen,TRUE,2015,2023,8,8,0,0,0,0,0,0,0,0,0,https://www.imdb.com/name/nm5560794/?ref_=fn_nm_nm_0
Kristen Bartlett,FALSE,2016,2018,2,2,0,0,0,0,0,0,0,0,0,https://www.imdb.com/name/nm4434455/?ref_=fn_nm_nm_1
Zack Bornstein,FALSE,2016,2017,1,1,0,0,0,0,0,0,0,0,0,https://www.imdb.com/name/nm4956526/?ref_=fn_nm_nm_1
Joanna Bradley,FALSE,2016,2017,1,1,0,0,0,0,0,0,0,0,0,https://www.imdb.com/name/nm5400395/?ref_=fn_nm_nm_0
Anna Drezen,TRUE,2016,2022,6,6,2,0,0,0,0,0,0,0,0,https://www.imdb.com/name/nm4871432/?ref_=fn_nm_nm_0
Nick Kocher,FALSE,2016,2018,2,2,0,0,0,0,0,0,0,0,0,https://www.imdb.com/name/nm3304457/?ref_=fn_nm_nm_1
Michael Koman,FALSE,2016,2019,3,3,0,0,0,0,0,0,0,0,0,https://www.imdb.com/name/nm0464523/?ref_=fn_nm_nm_0
Brian McElhaney,FALSE,2016,2018,2,2,0,0,0,0,0,0,0,0,0,https://www.imdb.com/name/nm3537795/?ref_=fn_nm_nm_1
Drew Michael,FALSE,2016,2018,2,2,0,0,0,0,0,0,0,0,0,https://www.imdb.com/name/nm6569383/?ref_=fn_nm_nm_1
Julio Torres,FALSE,2016,2019,3,3,0,0,0,0,0,0,0,0,0,https://www.imdb.com/name/nm7088580/?ref_=fn_nm_nm_1
Steven Castillo,TRUE,2017,2022,5,5,0,0,0,0,0,0,0,0,0,https://www.imdb.com/name/nm9163311/?ref_=fn_nm_nm_1
Claire Friedman,FALSE,2017,2018,1,1,0,0,0,0,0,0,0,0,0,https://www.imdb.com/name/nm8077083/?ref_=fn_nm_nm_1
Fran Gillespie,TRUE,2015,2021,6,6,0,0,0,0,0,0,0,0,0,https://www.imdb.com/name/nm5246001/?ref_=fn_nm_nm_0
Sudi Green,TRUE,2015,2021,6,6,0,0,0,0,0,0,0,0,0,https://www.imdb.com/name/nm6003622/?ref_=fn_nm_nm_0
Sam Jay,TRUE,2017,2021,4,4,0,0,0,0,0,0,0,0,0,https://www.imdb.com/name/nm7615637/?ref_=fn_nm_nm_1
Erik Marino,FALSE,2017,2018,1,1,0,0,0,0,0,0,0,0,0,https://www.imdb.com/name/nm0547765/?ref_=fn_nm_nm_0
Nimesh Patel,FALSE,2017,2018,1,1,0,0,0,0,0,0,0,0,0,https://www.imdb.com/name/nm7964342/?ref_=fn_nm_nm_0
Gary Richardson,FALSE,2017,2021,4,4,0,0,0,0,0,0,0,0,0,https://www.imdb.com/name/nm6324751/?ref_=fn_nm_nm_0
Streeter Seidell,TRUE,2014,2023,7,7,2,0,0,0,0,0,0,0,0,https://www.imdb.com/name/nm3289293/?ref_=fn_nm_nm_0
Megan Callahan-Shah,TRUE,2015,2021,6,6,0,0,0,0,0,0,0,0,0,https://www.imdb.com/name/nm4916386/?ref_=fn_nm_nm_1
Alison Gates,FALSE,2018,2021,3,3,0,0,0,0,0,0,0,0,0,https://www.imdb.com/name/nm10384188/?ref_=fn_nm_nm_0
Alan Linic,FALSE,2018,2019,1,1,0,0,0,0,0,0,0,0,0,https://www.imdb.com/name/nm7860442/?ref_=fn_nm_nm_1
Eli Coyote Mandel,FALSE,2018,2019,1,1,0,0,0,0,0,0,0,0,0,https://www.imdb.com/name/nm8881698/?ref_=fn_nm_nm_1
Dan Bulla,FALSE,2019,2021,2,2,0,0,0,0,0,0,0,0,0,https://www.imdb.com/name/nm4674057/?ref_=fn_nm_nm_0
Emma Clark,FALSE,2019,2021,2,2,0,0,0,0,0,0,0,0,0,https://www.imdb.com/name/nm8485344/?ref_=fn_nm_nm_0
Dan Licata,FALSE,2019,2021,2,2,0,0,0,0,0,0,0,0,0,https://www.imdb.com/name/nm3915994/?ref_=fn_nm_nm_1
Jasmine Pierce,FALSE,2019,2023,4,4,0,0,0,0,0,0,0,0,0,https://www.imdb.com/name/nm5276392/?ref_=fn_nm_nm_1
Mark Steinbach,TRUE,2019,2023,4,4,0,0,0,0,0,0,0,0,0,https://www.imdb.com/name/nm9184163/?ref_=fn_nm_nm_1
Celeste Yim,TRUE,2020,2023,3,3,0,0,0,0,0,0,0,0,0,https://www.imdb.com/name/nm11940589/?ref_=fn_nm_nm_0
Aristotle Athari,FALSE,2021,2022,1,0,0,1,0,1,0,0,0,0,0,https://www.imdb.com/name/nm2776607/?ref_=fn_nm_nm_0
Marcello Hernandez,TRUE,2022,2023,1,0,0,1,0,1,0,0,0,0,0,https://www.imdb.com/name/nm13575138/?ref_=fn_nm_nm_0
Molly Kearney,TRUE,2022,2023,1,0,0,1,0,1,0,0,0,0,0,https://www.imdb.com/name/nm11579141/?ref_=fn_nm_nm_1
Michael Longfellow (II),TRUE,2022,2023,1,0,0,1,0,1,0,0,0,0,0,https://www.imdb.com/name/nm9089655/?ref_=fn_al_nm_0
Devon Walker (VI),TRUE,2022,2023,1,0,0,1,0,1,0,0,0,0,0,https://www.imdb.com/name/nm6698127/?ref_=fn_al_nm_1
Nicole Sun (I),TRUE,2021,2023,2,2,0,0,0,0,0,0,0,0,0,https://www.imdb.com/name/nm4710100/?ref_=fn_al_nm_10
Clare O'Kane (I),TRUE,2021,2023,2,2,0,0,0,0,0,0,0,0,0,https://www.imdb.com/name/nm1567818/?ref_=fn_nm_nm_1
Rosebud Baker,TRUE,2021,2023,2,2,0,0,0,0,0,0,0,0,0,https://www.imdb.com/name/nm3497327/?ref_=fn_nm_nm_0
Mike DiCenzo,TRUE,2021,2023,2,2,0,0,0,0,0,0,0,0,0,https://www.imdb.com/name/nm3355350/?ref_=fn_nm_nm_1
Billy Domineau,TRUE,2021,2023,2,2,0,0,0,0,0,0,0,0,0,https://www.imdb.com/name/nm2401797/?ref_=fn_nm_nm_0
Sarah Sherman,TRUE,2021,2023,2,2,0,2,0,2,0,0,0,0,0,https://www.imdb.com/name/nm7567645/?ref_=fn_nm_nm_1
James Austin Johnson,TRUE,2021,2023,2,2,0,2,0,2,0,0,0,0,0,https://www.imdb.com/name/nm4562498/?ref_=fn_nm_nm_0
Alex English (X),TRUE,2021,2023,2,2,0,0,0,0,0,0,0,0,0,https://www.imdb.com/name/nm8643737/?ref_=nv_sr_srsg_1
Martin Herlihy,TRUE,2021,2023,2,2,0,0,0,0,0,0,0,0,0,https://www.imdb.com/name/nm11958939/?ref_=fn_nm_nm_0
John Higgins (XV),TRUE,2021,2023,2,2,0,0,0,0,0,0,0,0,0,https://www.imdb.com/name/nm3769182/?ref_=fn_al_nm_3
Vannessa Jackson,TRUE,2021,2023,2,2,0,0,0,0,0,0,0,0,0,https://www.imdb.com/name/nm7781354/?ref_=fn_nm_nm_1
Tesha Kondrat (II),TRUE,2021,2023,2,2,0,0,0,0,0,0,0,0,0,https://www.imdb.com/name/nm4871773/?ref_=fn_al_nm_0
Jake Nordwind,TRUE,2021,2023,2,2,0,0,0,0,0,0,0,0,0,https://www.imdb.com/name/nm4053310/?ref_=fn_nm_nm_0
Ben Silva (V),TRUE,2021,2023,2,2,0,0,0,0,0,0,0,0,0,https://www.imdb.com/name/nm11131504/?ref_=fn_nm_nm_1
Ben Marshall (IV),TRUE,2021,2023,2,2,0,0,0,0,0,0,0,0,0,https://www.imdb.com/name/nm2951652/?ref_=fn_nm_nm_1