person,year_start,year_end,num_seasons_total,num_seasons_writer,num_seasons_headwriter,num_seasons_actor,num_seasons_rep,num_seasons_featured,num_seasons_middle,num_seasons_weekend_update,num_episodes_weekend_updates,best_of,num_episodes_hosted,imdb_link,num_episodes_writer,num_episodes_actor,num_epsiodes_actor,num_epsiodes_writer
Seth Meyers,2001,2014,13,9,9,13,11,2,0,8,154,0,1,https://www.imdb.com/name/nm1024878/?ref_=fn_nm_nm_1,,,253.0,189.0
Colin Jost,2005,2021,16,16,7,8,6,2,0,8,151,0,0,https://www.imdb.com/name/nm1906042/?ref_=fn_nm_nm_1,,,164.0,320.0
Michael Che,2013,2021,8,8,4,7,5,2,0,7,143,0,0,https://www.imdb.com/name/nm3846408/?ref_=fn_nm_nm_1,,,147.0,169.0
Tina Fey,1997,2006,9,9,7,6,5,1,0,6,117,0,6,https://www.imdb.com/name/nm0275486/?ref_=fn_nm_nm_1,,,142.0,174.0
Dennis Miller,1985,1991,6,0,0,6,6,0,0,6,111,0,0,https://www.imdb.com/name/nm0588222/?ref_=fn_nm_nm_2,,,111.0,0.0
Jimmy Fallon,1998,2004,6,0,0,6,5,1,0,4,80,1,3,https://www.imdb.com/name/nm0266422/?ref_=fn_nm_nm_1,,,126.0,0.0
Amy Poehler,2001,2008,7,0,0,8,7,1,0,6,80,1,2,https://www.imdb.com/name/nm0688132/?ref_=fn_nm_nm_1,,,146.0,0.0
Jane Curtin,1975,1980,5,0,0,5,5,0,0,4,78,0,0,https://www.imdb.com/name/nm0004852/?ref_=fn_nm_nm_1,,,104.0,0.0
Norm MacDonald,1993,1998,5,1,0,5,4,1,0,4,69,0,1,https://www.imdb.com/name/nm0005172/?ref_=fn_nm_nm_1,,,94.0,20.0
Kevin Nealon,1986,1995,9,1,0,9,8,1,0,3,60,0,0,https://www.imdb.com/name/nm0005265/?ref_=fn_nm_nm_1,,,170.0,20.0
Colin Quinn,1995,2000,5,2,0,5,4,1,0,3,50,0,0,https://www.imdb.com/name/nm0703800/?ref_=fn_nm_nm_1,,,86.0,40.0
Bill Murray,1976,1980,4,1,0,4,4,0,0,2,40,0,5,https://www.imdb.com/name/nm0000195/?ref_=fn_nm_nm_1,,,73.0,12.0
Chevy Chase,1975,1977,2,2,0,2,2,0,0,2,32,1,8,https://www.imdb.com/name/nm0000331/?ref_=fn_nm_nm_1,,,36.0,33.0
Brad Hall,1982,1984,2,0,0,2,2,0,0,2,28,0,0,https://www.imdb.com/name/nm0355357/?ref_=fn_nm_nm_1,,,40.0,0.0
Cecily Strong,2012,2021,9,0,0,9,8,1,0,1,21,0,0,https://www.imdb.com/name/nm5198446/?ref_=fn_nm_nm_1,,,189.0,0.0
Dan Aykroyd,1975,1979,4,3,0,4,4,0,0,1,20,1,1,https://www.imdb.com/name/nm0000101/?ref_=fn_nm_nm_1,,,97.0,63.0
Brian Doyle-Murray,1977,1982,5,5,0,2,0,2,0,1,20,0,0,https://www.imdb.com/name/nm0236519/?ref_=fn_nm_nm_1,,,52.0,79.0
Charles Rocket,1980,1981,1,0,0,1,1,0,0,1,12,0,0,https://www.imdb.com/name/nm0734236/?ref_=fn_nm_nm_1,,,12.0,0.0
Christopher Guest,1984,1985,1,1,0,1,1,0,0,1,10,0,0,https://www.imdb.com/name/nm0001302/?ref_=fn_nm_nm_1,,,19.0,18.0
Mary Gross,1981,1985,4,1,0,4,4,0,0,1,7,0,0,https://www.imdb.com/name/nm0343444/?ref_=fn_nm_nm_1,,,73.0,19.0
Christine Ebersole,1981,1982,1,0,0,1,1,0,0,1,6,0,0,https://www.imdb.com/name/nm0002056/?ref_=fn_nm_nm_1,,,18.0,0.0
Gail Matthius,1980,1981,1,0,0,1,1,0,0,1,6,0,0,https://www.imdb.com/name/nm0560257/?ref_=fn_nm_nm_1,,,13.0,0.0
Billy Crystal,1984,1985,1,1,0,1,1,0,0,2,3,0,3,https://www.imdb.com/name/nm0000345/?ref_=fn_nm_nm_1,,,19.0,18.0
Horatio Sanz,1998,2006,8,0,0,8,7,1,0,1,2,0,0,https://www.imdb.com/name/nm0764445/?ref_=fn_nm_nm_1,,,159.0,0.0
Joe Piscopo,1980,1984,4,2,0,4,4,0,0,1,1,0,0,https://www.imdb.com/name/nm0685472/?ref_=fn_nm_nm_1,,,68.0,38.0
Garrett Morris,1975,1980,5,0,0,5,5,0,0,0,0,0,0,https://www.imdb.com/name/nm0606541/?ref_=fn_nm_nm_1,,,97.0,1.0
Fred Wolf,1991,1996,5,4,1,2,0,2,0,0,0,0,0,https://www.imdb.com/name/nm0937748/?ref_=fn_nm_nm_1,,,19.0,96.0
James Downey (I),1976,2014,28,31,9,1,0,1,0,0,0,0,0,https://www.imdb.com/name/nm0235999/?ref_=fn_nm_nm_1,,,89.0,558.0
Tom Davis (I),1975,2003,15,15,0,3,0,3,0,0,0,0,0,https://www.imdb.com/name/nm0205569/?ref_=fn_nm_nm_1,,,154.0,279.0
Al Franken,1977,1995,15,15,0,12,0,11,0,0,0,0,0,https://www.imdb.com/name/nm0291253/?ref_=fn_nm_nm_1,,,115.0,301.0
Tom Schiller,1975,1990,7,7,0,1,0,1,0,0,0,0,0,https://www.imdb.com/name/nm0771680/?ref_=fn_nm_nm_1,,,71.0,145.0
A. Whitney Brown,1985,1991,6,6,0,6,0,6,0,0,0,0,0,https://www.imdb.com/name/nm0112944/?ref_=fn_nm_nm_1,,,45.0,111.0
Michael O'Donoghue,1975,1982,5,5,4,1,1,0,0,0,0,0,0,https://www.imdb.com/name/nm0640874/?ref_=fn_nm_nm_1,,,35.0,94.0
Mikey Day,2013,2021,8,4,0,5,3,2,0,0,0,0,0,https://www.imdb.com/name/nm1510062/?ref_=fn_nm_nm_1,,,108.0,63.0
Phil Hartman,1986,1994,8,3,0,8,8,0,0,0,0,1,2,https://www.imdb.com/name/nm0367005/?ref_=fn_nm_nm_1,,,152.0,0.0
Jim Belushi,1983,1985,2,2,0,2,2,0,0,0,0,0,0,https://www.imdb.com/name/nm0000902/?ref_=fn_nm_nm_1,,,33.0,32.0
Andrew Dismukes,2017,2021,4,2,0,1,0,1,0,0,0,0,0,https://www.imdb.com/name/nm8608160/?ref_=fn_nm_nm_1,,,25.0,64.0
Robin Duke,1981,1984,3,2,0,4,4,0,0,0,0,0,0,https://www.imdb.com/name/nm0241208/?ref_=fn_nm_nm_1,,,59.0,39.0
Leslie Jones,2013,2019,6,2,0,5,3,2,0,0,0,0,0,https://www.imdb.com/name/nm0428656/?ref_=fn_nm_nm_1,,,105.0,32.0
Peter Aykroyd,1979,1980,1,1,0,1,0,1,0,0,0,0,0,https://www.imdb.com/name/nm0043839/?ref_=fn_nm_nm_1,,,16.0,20.0
John Belushi,1975,1979,4,1,0,4,4,0,0,0,0,1,0,https://www.imdb.com/name/nm0000004/?ref_=fn_nm_nm_1,,,78.0,23.0
Rich Hall,1984,1985,1,1,0,1,1,0,0,0,0,0,0,https://www.imdb.com/name/nm0356025/?ref_=fn_nm_nm_1,,,16.0,18.0
Fred Armisen,2002,2013,11,0,0,11,9,2,0,0,0,0,1,https://www.imdb.com/name/nm0035488/?ref_=fn_nm_nm_1,,,236.0,0.0
Morwenna Banks,1995,1995,1,0,0,1,1,0,0,0,0,0,0,https://www.imdb.com/name/nm0052218/?ref_=fn_nm_nm_1,,,3.0,0.0
Vanessa Bayer,2010,2017,7,0,0,7,5,2,0,0,0,0,0,https://www.imdb.com/name/nm3364779/?ref_=fn_nm_nm_1,,,149.0,0.0
Beck Bennett,2013,2021,8,0,0,8,6,2,0,0,0,0,0,https://www.imdb.com/name/nm3080722/?ref_=fn_nm_nm_1,,,164.0,0.0
Jim Breuer,1995,1998,3,0,0,3,3,0,0,0,0,0,0,https://www.imdb.com/name/nm0108028/?ref_=fn_nm_nm_1,,,57.0,0.0
Paul Brittain,2010,2012,2,0,0,2,0,2,0,0,0,0,0,https://www.imdb.com/name/nm4204968/?ref_=fn_nm_nm_1,,,34.0,0.0
Aidy Bryant,2012,2021,9,0,0,9,8,1,0,0,0,0,0,https://www.imdb.com/name/nm5262775/?ref_=fn_nm_nm_1,,,189.0,0.0
Beth Cahill,1991,1992,1,0,0,1,0,1,0,0,0,0,0,https://www.imdb.com/name/nm0128639/?ref_=fn_nm_nm_1,,,13.0,0.0
Dana Carvey,1986,1993,7,0,0,7,7,0,0,0,0,1,4,https://www.imdb.com/name/nm0001022/?ref_=fn_nm_nm_1,,,130.0,0.0
Ellen Cleghorne,1991,1995,4,0,0,4,2,0,2,0,0,0,0,https://www.imdb.com/name/nm0165971/?ref_=fn_nm_nm_1,,,77.0,0.0
George Coe,1975,1975,1,0,0,1,1,0,0,0,0,0,0,https://www.imdb.com/name/nm0168642/?ref_=fn_nm_nm_1,,,10.0,0.0
Joan Cusack,1985,1986,1,0,0,1,1,0,0,0,0,0,0,https://www.imdb.com/name/nm0000349/?ref_=fn_nm_nm_1,,,17.0,0.0
Pete Davidson,2014,2021,7,0,0,7,5,2,0,0,0,0,0,https://www.imdb.com/name/nm0203457/?ref_=fn_nm_nm_1,,,146.0,0.0
Denny Dillon,1980,1981,1,0,0,1,1,0,0,0,0,0,0,https://www.imdb.com/name/nm0226986/?ref_=fn_nm_nm_1,,,13.0,0.0
Robert Downey Jr.,1985,1986,1,0,0,1,1,0,0,0,0,0,1,https://www.imdb.com/name/nm0000375/?ref_=fn_nm_nm_1,,,16.0,0.0
Rachel Dratch,1999,2006,7,0,0,7,5,2,0,0,0,0,0,https://www.imdb.com/name/nm0237222/?ref_=fn_nm_nm_1,,,145.0,0.0
Nora Dunn,1985,1990,5,0,0,5,5,0,0,0,0,0,0,https://www.imdb.com/name/nm0004887/?ref_=fn_nm_nm_1,,,88.0,0.0
Dean Edwards,2001,2003,2,0,0,2,0,2,0,0,0,0,0,https://www.imdb.com/name/nm0249931/?ref_=fn_nm_nm_1,,,40.0,0.0
Abby Elliott,2008,2012,4,0,0,4,2,2,0,0,0,0,0,https://www.imdb.com/name/nm2212031/?ref_=fn_nm_nm_1,,,81.0,0.0
Chris Elliott,1994,1995,1,0,0,1,1,0,0,0,0,0,0,https://www.imdb.com/name/nm0254402/?ref_=fn_nm_nm_1,,,19.0,0.0
Siobhan Fallon Hogan,1991,1992,1,0,0,1,0,0,1,0,0,0,0,https://www.imdb.com/name/nm0266441/?ref_=fn_nm_nm_1,,,20.0,0.0
Chris Farley,1990,1995,5,0,0,5,5,0,1,0,0,1,1,https://www.imdb.com/name/nm0000394/?ref_=fn_nm_nm_1,,,96.0,0.0
Will Ferrell,1995,2002,7,0,0,7,7,0,0,0,0,1,5,https://www.imdb.com/name/nm0002071/?ref_=fn_nm_nm_1,,,140.0,0.0
Chloe Fineman,2019,2021,2,0,0,2,2,0,0,0,0,0,0,https://www.imdb.com/name/nm4806887/?ref_=fn_nm_nm_1,,,42.0,0.0
Will Forte,2002,2010,8,0,0,8,7,1,0,0,0,0,0,https://www.imdb.com/name/nm0287182/?ref_=fn_nm_nm_1,,,156.0,0.0
Heidi Gardner,2017,2021,4,0,0,4,2,2,0,0,0,0,0,https://www.imdb.com/name/nm5906920/?ref_=fn_nm_nm_1,,,84.0,0.0
Janeane Garofalo,1994,1995,1,0,0,1,1,0,0,0,0,0,0,https://www.imdb.com/name/nm0000413/?ref_=fn_nm_nm_1,,,14.0,0.0
Ana Gasteyer,1996,2002,6,0,0,6,6,0,0,0,0,0,0,https://www.imdb.com/name/nm0309430/?ref_=fn_nm_nm_1,,,121.0,0.0
Gilbert Gottfried,1980,1981,1,0,0,1,1,0,0,0,0,0,0,https://www.imdb.com/name/nm0331906/?ref_=fn_nm_nm_1,,,13.0,0.0
Bill Hader,2005,2013,8,0,0,8,7,1,0,0,0,0,2,https://www.imdb.com/name/nm0352778/?ref_=fn_nm_nm_1,,,161.0,4.0
Anthony Michael Hall,1985,1986,1,0,0,1,1,0,0,0,0,0,0,https://www.imdb.com/name/nm0001309/?ref_=fn_nm_nm_1,,,12.0,0.0
Darrell Hammond,1995,2009,14,0,0,14,14,0,0,0,0,0,0,https://www.imdb.com/name/nm0358669/?ref_=fn_nm_nm_1,,,313.0,0.0
Lauren Holt,2020,2021,1,0,0,1,0,1,0,0,0,0,0,https://www.imdb.com/name/nm7576527/?ref_=fn_nm_nm_1,,,20.0,0.0
Jan Hooks,1986,1991,5,0,0,5,5,0,0,0,0,0,0,https://www.imdb.com/name/nm0393660/?ref_=fn_nm_nm_1,,,100.0,0.0
Yvonne Hudson,1980,1981,1,0,0,1,0,1,0,0,0,0,0,https://www.imdb.com/name/nm0399994/?ref_=fn_nm_nm_1,,,31.0,0.0
Melanie Hutsell,1991,1994,3,0,0,3,1,2,0,0,0,0,0,https://www.imdb.com/name/nm0404525/?ref_=fn_nm_nm_1,,,53.0,0.0
Victoria Jackson,1986,1992,6,0,0,6,6,0,0,0,0,0,0,https://www.imdb.com/name/nm0414130/?ref_=fn_nm_nm_1,,,109.0,0.0
Punkie Johnson,2020,2021,1,0,0,1,0,1,0,0,0,0,0,https://www.imdb.com/name/nm9790618/?ref_=fn_nm_nm_1,,,24.0,0.0
Chris Kattan,1996,2003,7,0,0,8,7,1,0,0,0,1,0,https://www.imdb.com/name/nm0441592/?ref_=fn_nm_nm_1,,,148.0,0.0
Taran Killam,2010,2016,6,0,0,6,4,2,0,0,0,0,0,https://www.imdb.com/name/nm0453115/?ref_=fn_nm_nm_1,,,128.0,0.0
David Koechner,1995,1996,1,0,0,1,1,0,0,0,0,0,0,https://www.imdb.com/name/nm0462712/?ref_=fn_nm_nm_1,,,21.0,0.0
Gary Kroeger,1982,1985,3,0,0,3,3,0,0,0,0,0,0,https://www.imdb.com/name/nm0471856/?ref_=fn_nm_nm_1,,,56.0,0.0
Matthew Laurance,1980,1981,1,0,0,1,0,1,0,0,0,0,0,https://www.imdb.com/name/nm0491005/?ref_=fn_nm_nm_1,,,9.0,0.0
Julia Louis-Dreyfus,1982,1985,3,0,0,3,3,0,0,0,0,0,3,https://www.imdb.com/name/nm0000506/?ref_=fn_nm_nm_1,,,58.0,0.0
Jon Lovitz,1985,1990,5,0,0,5,5,0,0,0,0,1,1,https://www.imdb.com/name/nm0001484/?ref_=fn_nm_nm_1,,,91.0,0.0
Michael McKean,1994,1995,1,0,0,2,2,0,0,0,0,0,1,https://www.imdb.com/name/nm0571106/?ref_=fn_nm_nm_1,,,27.0,0.0
Mark McKinney,1985,1997,12,1,0,3,3,0,0,0,0,0,0,https://www.imdb.com/name/nm0571897/?ref_=fn_nm_nm_1,,,70.0,0.0
Kate McKinnon,2012,2021,10,0,0,10,8,2,0,0,0,0,0,https://www.imdb.com/name/nm0571952/?ref_=fn_nm_nm_1,,,194.0,0.0
Tim Meadows,1991,2000,10,1,0,10,10,0,0,0,0,1,0,https://www.imdb.com/name/nm0005218/?ref_=fn_nm_nm_1,,,183.0,20.0
Laurie Metcalf,1981,1981,1,0,0,1,0,1,0,0,0,0,0,https://www.imdb.com/name/nm0582418/?ref_=fn_nm_nm_1,,,1.0,0.0
John Milhiser,2013,2014,1,0,0,1,0,1,0,0,0,0,0,https://www.imdb.com/name/nm2275887/?ref_=fn_nm_nm_1,,,21.0,0.0
Jerry Minor,2000,2001,1,1,0,1,0,1,0,0,0,0,0,https://www.imdb.com/name/nm0591576/?ref_=fn_nm_nm_1,,,20.0,20.0
Finesse Mitchell,2003,2006,3,0,0,3,1,2,0,0,0,0,0,https://www.imdb.com/name/nm1459509/?ref_=fn_nm_nm_1,,,59.0,0.0
Alex Moffat,2016,2021,5,0,0,5,3,2,0,0,0,0,0,https://www.imdb.com/name/nm5803981/?ref_=fn_nm_nm_1,,,105.0,0.0
Jay Mohr,1993,1995,2,1,0,2,0,2,0,0,0,0,0,https://www.imdb.com/name/nm0001542/?ref_=fn_nm_nm_1,,,39.0,20.0
Kyle Mooney,2013,2021,8,0,0,8,6,2,0,0,0,0,0,https://www.imdb.com/name/nm3324982/?ref_=fn_nm_nm_1,,,168.0,0.0
Tracy Morgan,1996,2003,7,0,0,7,7,0,0,0,0,1,2,https://www.imdb.com/name/nm0605079/?ref_=fn_nm_nm_1,,,141.0,0.0
Bobby Moynihan,2008,2017,9,0,0,9,7,2,0,0,0,0,0,https://www.imdb.com/name/nm1293885/?ref_=fn_nm_nm_1,,,193.0,0.0
Eddie Murphy,1980,1984,4,2,0,4,3,1,0,0,0,1,3,https://www.imdb.com/name/nm0000552/?ref_=fn_nm_nm_1,,,66.0,39.0
Mike Myers,1989,1995,6,2,0,7,7,1,0,0,0,1,1,https://www.imdb.com/name/nm0000196/?ref_=fn_nm_nm_1,,,117.0,32.0
Laraine Newman,1975,1980,5,0,0,5,5,0,0,0,0,0,0,https://www.imdb.com/name/nm0628170/?ref_=fn_nm_nm_1,,,103.0,0.0
Don Novello,1977,1986,4,4,0,2,0,2,0,0,0,0,1,https://www.imdb.com/name/nm0637038/?ref_=fn_nm_nm_1,,,39.0,71.0
Luke Null,2017,2018,1,0,0,1,0,1,0,0,0,0,0,https://www.imdb.com/name/nm3760937/?ref_=fn_nm_nm_1,,,21.0,0.0
Ego Nwodim,2018,2021,3,0,0,3,1,2,0,0,0,0,0,https://www.imdb.com/name/nm4945455/?ref_=fn_nm_nm_1,,,63.0,0.0
Michael Patrick O'Brien (II) ,2013,2015,2,1,0,1,0,1,0,0,0,0,0,https://www.imdb.com/name/nm3653190/?ref_=fn_nm_nm_1,,,44.0,103.0
Cheri Oteri,1995,2000,5,0,0,5,5,0,0,0,0,1,0,https://www.imdb.com/name/nm0652783/?ref_=fn_nm_nm_1,,,98.0,0.0
Chris Parnell,1998,2006,8,0,0,8,7,1,0,0,0,0,0,https://www.imdb.com/name/nm0663177/?ref_=fn_nm_nm_1,,,148.0,0.0
Nasim Pedrad,2009,2014,5,0,0,5,3,2,0,0,0,0,0,https://www.imdb.com/name/nm1840659/?ref_=fn_nm_nm_1,,,109.0,0.0
Jay Pharoah,2010,2016,6,0,0,6,4,2,0,0,0,0,0,https://www.imdb.com/name/nm3982894/?ref_=fn_nm_nm_1,,,128.0,0.0
Emily Prager,1981,1981,1,0,0,1,0,1,0,0,0,0,0,https://www.imdb.com/name/nm0695104/?ref_=fn_nm_nm_1,,,4.0,0.0
Randy Quaid,1985,1986,1,0,0,1,1,0,0,0,0,0,0,https://www.imdb.com/name/nm0001642/?ref_=fn_nm_nm_1,,,18.0,0.0
Gilda Radner,1975,1980,5,0,0,5,5,0,0,0,0,1,0,https://www.imdb.com/name/nm0705717/?ref_=fn_nm_nm_1,,,99.0,3.0
Chris Redd,2017,2021,4,0,0,4,2,2,0,0,0,0,0,https://www.imdb.com/name/nm5412083/?ref_=fn_nm_nm_1,,,84.0,0.0
Jeff Richards (III),2001,2004,3,0,0,3,1,2,0,0,0,0,0,https://www.imdb.com/name/nm0724145/?ref_=fn_nm_nm_1,,,50.0,0.0
Rob Riggle,2004,2005,1,0,0,1,0,1,0,0,0,0,0,https://www.imdb.com/name/nm1443527/?ref_=fn_nm_nm_1,,,21.0,0.0
Ann Risley,1980,1981,1,0,0,1,1,0,0,0,0,0,0,https://www.imdb.com/name/nm0728315/?ref_=fn_nm_nm_1,,,12.0,0.0
Chris Rock,1990,1993,3,0,0,3,3,0,0,0,0,1,3,https://www.imdb.com/name/nm0001674/?ref_=fn_nm_nm_1,,,57.0,0.0
Jon Rudnitsky,2015,2016,1,0,0,1,0,1,0,0,0,0,0,https://www.imdb.com/name/nm4339544/?ref_=fn_nm_nm_1,,,21.0,0.0
Maya Rudolph,2000,2007,7,0,0,7,7,2,0,0,0,0,2,https://www.imdb.com/name/nm0748973/?ref_=fn_nm_nm_1,,,162.0,0.0
Andy Samberg,2005,2012,7,0,0,7,6,1,0,0,0,0,1,https://www.imdb.com/name/nm1676221/?ref_=fn_nm_nm_1,,,140.0,17.0
Paul Shaffer,1979,1980,1,0,0,1,0,1,0,0,0,0,1,https://www.imdb.com/name/nm0787238/?ref_=fn_nm_nm_1,,,27.0,0.0
Molly Shannon,1995,2001,7,0,0,7,6,1,0,0,0,1,1,https://www.imdb.com/name/nm0788340/?ref_=fn_nm_nm_1,,,117.0,0.0
Jenny Slate,2009,2010,1,0,0,1,0,1,0,0,0,0,0,https://www.imdb.com/name/nm2809577/?ref_=fn_nm_nm_1,,,22.0,0.0
Pamela Stephenson,1984,1985,1,0,0,1,1,0,0,0,0,0,0,https://www.imdb.com/name/nm0827298/?ref_=fn_nm_nm_1,,,18.0,0.0
Ben Stiller,1989,1990,1,1,0,1,0,1,0,0,0,0,2,https://www.imdb.com/name/nm0001774/?ref_=fn_nm_nm_1,,,13.0,0.0
Julia Sweeney,1990,1994,4,0,0,4,4,0,0,0,0,0,0,https://www.imdb.com/name/nm0842140/?ref_=fn_nm_nm_1,,,78.0,0.0
Kenan Thompson,2003,2021,18,0,0,18,16,2,0,0,0,0,0,https://www.imdb.com/name/nm0860380/?ref_=fn_nm_nm_1,,,367.0,0.0
Danitra Vance,1985,1986,1,0,0,1,1,0,0,0,0,0,0,https://www.imdb.com/name/nm0888503/?ref_=fn_nm_nm_1,,,17.0,0.0
Melissa Villaseñor,2016,2021,5,0,0,5,3,2,0,0,0,0,0,https://www.imdb.com/name/nm3830257/?ref_=fn_nm_nm_1,,,105.0,0.0
Dan Vitale,1985,1986,1,0,0,1,0,1,0,0,0,0,0,https://www.imdb.com/name/nm0899865/?ref_=fn_nm_nm_1,,,3.0,0.0
Nancy Carell,1995,1996,1,0,0,1,1,0,0,0,0,0,0,https://www.imdb.com/name/nm0909391/?ref_=fn_nm_nm_1,,,17.0,0.0
Michaela Watkins,2008,2009,1,0,0,1,0,1,0,0,0,0,0,https://www.imdb.com/name/nm1143861/?ref_=fn_nm_nm_1,,,15.0,0.0
Damon Wayans,1985,1986,1,0,0,1,0,1,0,0,0,0,1,https://www.imdb.com/name/nm0001834/?ref_=fn_nm_nm_1,,,11.0,0.0
Patrick Weathers,1980,1981,1,0,0,1,0,1,0,0,0,0,0,https://www.imdb.com/name/nm0915778/?ref_=fn_nm_nm_1,,,10.0,0.0
Noël Wells,2013,2015,2,0,0,2,0,2,0,0,0,0,0,https://www.imdb.com/name/nm3644706/?ref_=fn_nm_nm_1,,,21.0,0.0
Brooks Wheelan,2013,2014,1,0,0,1,0,1,0,0,0,0,0,https://www.imdb.com/name/nm5120390/?ref_=fn_nm_nm_1,,,21.0,0.0
Kristen Wiig,2005,2012,7,0,0,7,6,1,0,0,0,0,4,https://www.imdb.com/name/nm1325419/?ref_=fn_nm_nm_1,,,139.0,0.0
Casey Wilson,2008,2009,2,0,0,2,0,2,0,0,0,0,0,https://www.imdb.com/name/nm1988111/?ref_=fn_nm_nm_1,,,30.0,0.0
Sasheer Zamata,2014,2017,4,0,0,4,3,1,0,0,0,0,0,https://www.imdb.com/name/nm3550886/?ref_=fn_nm_nm_1,,,74.0,0.0
Alan Zweibel,1980,1980,1,5,0,1,0,1,0,0,0,0,0,https://www.imdb.com/name/nm0958993/?ref_=fn_nm_nm_1,,,52.0,109.0
Tim Kazurinsky,1981,1984,4,3,0,4,4,0,0,0,0,0,0,https://www.imdb.com/name/nm0443730/?ref_=fn_nm_nm_1,,,57.0,60.0
Laura Kightlinger,1994,1995,1,1,0,1,0,1,0,0,0,0,0,https://www.imdb.com/name/nm0452716/?ref_=fn_nm_nm_1,,,19.0,20.0
Tim Robinson,2012,2016,4,3,0,1,0,1,0,0,0,0,0,https://www.imdb.com/name/nm4200503/?ref_=fn_nm_nm_1,,,21.0,68.0
Tony Rosato,1981,1982,2,1,0,2,2,0,0,0,0,0,0,https://www.imdb.com/name/nm0711014/?ref_=fn_nm_nm_1,,,20.0,21.0
Adam Sandler,1990,1995,5,3,0,5,2,1,2,0,0,1,1,https://www.imdb.com/name/nm0001191/?ref_=fn_nm_nm_1,,,87.0,60.0
Rob Schneider,1989,1994,5,3,0,4,2,1,1,0,0,0,0,https://www.imdb.com/name/nm0001705/?ref_=fn_nm_nm_1,,,80.0,56.0
Harry Shearer,1979,1985,6,2,0,2,1,1,0,0,0,0,0,https://www.imdb.com/name/nm0733427/?ref_=fn_nm_nm_1,,,38.0,38.0
Martin Short,1984,1985,1,1,0,1,1,0,0,0,0,0,3,https://www.imdb.com/name/nm0001737/?ref_=fn_nm_nm_1,,,25.0,18.0
Sarah Silverman,1993,1994,1,1,0,1,0,1,0,0,0,0,1,https://www.imdb.com/name/nm0798971/?ref_=fn_nm_nm_1,,,18.0,20.0
Robert Smigel,1985,2008,23,22,0,2,0,2,0,0,0,0,0,https://www.imdb.com/name/nm0806912/?ref_=fn_nm_nm_1,,,107.0,425.0
David Spade,1989,1996,7,3,0,6,3,1,2,0,0,1,2,https://www.imdb.com/name/nm0005450/?ref_=fn_nm_nm_1,,,79.0,57.0
Jason Sudeikis,2003,2013,10,2,0,9,8,1,0,0,0,0,0,https://www.imdb.com/name/nm0837177/?ref_=fn_nm_nm_1,,,177.0,37.0
Terry Sweeney,1980,1986,6,2,0,1,1,0,0,0,0,0,0,https://www.imdb.com/name/nm0842202/?ref_=fn_nm_nm_1,,,18.0,31.0
Bowen Yang,2019,2021,2,1,0,2,0,2,0,0,0,0,0,https://www.imdb.com/name/nm6299248/?ref_=fn_nm_nm_1,,,42.0,0.0
Anne Beatts,1975,1980,5,5,0,0,0,0,0,0,0,0,0,https://www.imdb.com/name/nm0064186/?ref_=fn_nm_nm_1,,,41.0,107.0
Lorne Michaels,1975,2021,41,41,1,0,0,0,0,0,0,0,0,https://www.imdb.com/name/nm0584427/?ref_=fn_nm_nm_1,,,6.0,812.0
Marilyn Suzanne Miller,1975,1995,7,7,0,0,0,0,0,0,0,0,0,https://www.imdb.com/name/nm0588897/?ref_=fn_nm_nm_1,,,20.0,137.0
Herbert Sargent,1975,1995,16,16,2,0,0,0,0,0,0,0,0,https://www.imdb.com/name/nm0765109/?ref_=fn_nm_nm_1,,,0.0,330.0
Rosie Shuster,1975,1988,8,8,0,0,0,0,0,0,0,0,0,https://www.imdb.com/name/nm0776874/?ref_=fn_nm_nm_1,,,44.0,159.0
Bruce McCall (I),1976,1977,1,1,0,0,0,0,0,0,0,0,0,https://www.imdb.com/name/nm0564620/?ref_=fn_nm_nm_1,,,0.0,7.0
Neil Levy,1977,1978,1,1,0,0,0,0,0,0,0,0,0,https://www.imdb.com/name/nm0506561/?ref_=fn_nm_nm_1,,,53.0,16.0
Brian McConnachie,1978,1979,1,1,0,0,0,0,0,0,0,0,0,https://www.imdb.com/name/nm0566234/?ref_=fn_nm_nm_1,,,3.0,23.0
Walter Williams,1978,1979,1,1,0,0,0,0,0,0,0,0,0,https://www.imdb.com/name/nm0931906/?ref_=fn_nm_nm_1,,,25.0,23.0
Tom Gammill,1979,1980,1,1,0,0,0,0,0,0,0,0,0,https://www.imdb.com/name/nm0303991/?ref_=fn_nm_nm_1,,,12.0,20.0
Matt Neuman,1979,1981,2,2,0,0,0,0,0,0,0,0,0,https://www.imdb.com/name/nm1238470/?ref_=fn_nm_nm_1,,,1.0,21.0
Sarah Paley,1979,1980,1,1,0,0,0,0,0,0,0,0,0,https://www.imdb.com/name/nm1238548/?ref_=fn_nm_nm_1,,,10.0,20.0
Max Pross,1979,1980,1,1,0,0,0,0,0,0,0,0,0,https://www.imdb.com/name/nm0698795/?ref_=fn_nm_nm_1,,,14.0,20.0
Larry Arnstein,1980,1981,1,1,0,0,0,0,0,0,0,0,0,https://www.imdb.com/name/nm0036784/?ref_=fn_nm_nm_1,,,0.0,12.0
Barry W. Blaustein,1980,1983,3,3,0,0,0,0,0,0,0,0,0,https://www.imdb.com/name/nm0087904/?ref_=fn_nm_nm_1,,,1.0,55.0
Billy Brown (X),1980,1981,1,1,0,0,0,0,0,0,0,0,0,https://www.imdb.com/name/nm0113126/?ref_=fn_nm_nm_1,,,0.0,13.0
Ferris Butler,1980,1981,1,1,0,0,0,0,0,0,0,0,0,https://www.imdb.com/name/nm2953521/?ref_=fn_nm_nm_1,,,0.0,12.0
John DeBellis,1980,1981,1,1,0,0,0,0,0,0,0,0,0,https://www.imdb.com/name/nm0213377/?ref_=fn_nm_nm_1,,,0.0,12.0
Jean Doumanian,1980,1981,1,1,0,0,0,0,0,0,0,0,0,https://www.imdb.com/name/nm0235389/?ref_=fn_nm_nm_1,,,0.0,13.0
Nancy Dowd,1980,1981,1,1,0,0,0,0,0,0,0,0,0,https://www.imdb.com/name/nm0235683/?ref_=fn_nm_nm_1,,,0.0,2.0
Leslie Fuller (III),1980,1981,1,1,0,0,0,0,0,0,0,0,0,https://www.imdb.com/name/nm1392887/?ref_=fn_nm_nm_1,,,0.0,10.0
Mel Green (II),1980,1981,1,1,0,0,0,0,0,0,0,0,0,https://www.imdb.com/name/nm0338154/?ref_=fn_nm_nm_1,,,0.0,13.0
David Hurwitz,1980,1981,1,1,0,0,0,0,0,0,0,0,0,https://www.imdb.com/name/nm0403791/?ref_=fn_nm_nm_3,,,0.0,12.0
Judith Belushi-Pisano,1980,1981,1,1,0,0,0,0,0,0,0,0,0,https://www.imdb.com/name/nm0413147/?ref_=fn_nm_nm_1,,,0.0,1.0
Sean Kelly (V),1980,1981,1,1,0,0,0,0,0,0,0,0,0,https://www.imdb.com/name/nm0446859/?ref_=fn_nm_nm_1,,,0.0,2.0
Mitchell Kriegman,1980,1981,1,1,0,0,0,0,0,0,0,0,0,https://www.imdb.com/name/nm0471233/?ref_=fn_nm_nm_1,,,5.0,5.0
Patricia Marx,1980,1981,1,1,0,0,0,0,0,0,0,0,0,https://www.imdb.com/name/nm0555658/?ref_=fn_nm_nm_1,,,0.0,12.0
Douglas McGrath,1980,1981,1,1,0,0,0,0,0,0,0,0,0,https://www.imdb.com/name/nm0569790/?ref_=fn_nm_nm_2,,,1.0,13.0
Tom Moore (III),1980,1981,1,1,1,0,0,0,0,0,0,0,0,https://www.imdb.com/name/nm0601964/?ref_=fn_nm_nm_1,,,0.0,1.0
Pamela Norris,1980,1984,4,4,0,0,0,0,0,0,0,0,0,https://www.imdb.com/name/nm0635873/?ref_=fn_nm_nm_1,,,1.0,65.0
Mark Reisman,1980,1981,1,1,0,0,0,0,0,0,0,0,0,https://www.imdb.com/name/nm0718459/?ref_=fn_nm_nm_1,,,0.0,4.0
David Sheffield,1980,1983,3,3,0,0,0,0,0,0,0,0,0,https://www.imdb.com/name/nm0790775/?ref_=fn_nm_nm_1,,,1.0,55.0
Jeremy Stevens,1980,1981,1,1,1,0,0,0,0,0,0,0,0,https://www.imdb.com/name/nm0828484/?ref_=fn_nm_nm_1,,,0.0,2.0
Bob Tischler,1980,1985,5,5,4,0,0,0,0,0,0,0,0,https://www.imdb.com/name/nm0864293/?ref_=fn_nm_nm_1,,,0.0,74.0
Mason Williams,1980,1981,1,1,1,0,0,0,0,0,0,0,0,https://www.imdb.com/name/nm0931281/?ref_=fn_nm_nm_1,,,0.0,2.0
Dirk Wittenborn,1980,1981,1,1,0,0,0,0,0,0,0,0,0,https://www.imdb.com/name/nm0936999/?ref_=fn_nm_nm_1,,,0.0,1.0
Joe Bodolai,1981,1982,1,1,0,0,0,0,0,0,0,0,0,https://www.imdb.com/name/nm1188688/?ref_=fn_nm_nm_1,,,0.0,20.0
Nate Herman,1981,1985,4,4,0,0,0,0,0,0,0,0,0,https://www.imdb.com/name/nm2953522/?ref_=fn_nm_nm_1,,,3.0,76.0
Nelson Lyon,1981,1982,1,1,0,0,0,0,0,0,0,0,0,https://www.imdb.com/name/nm0528962/?ref_=fn_nm_nm_1,,,2.0,20.0
Mark O'Donnell (IV),1981,1982,1,1,0,0,0,0,0,0,0,0,0,https://www.imdb.com/name/nm2843346/?ref_=fn_nm_nm_1,,,0.0,20.0
Margaret Oberman,1981,1985,4,4,0,0,0,0,0,0,0,0,0,https://www.imdb.com/name/nm0643315/?ref_=fn_nm_nm_1,,,0.0,72.0
Andrew Smith (III),1981,1985,4,4,2,0,0,0,0,0,0,0,0,https://www.imdb.com/name/nm0807308/?ref_=fn_nm_nm_1,,,3.0,72.0
Terry Southern,1981,1982,1,1,0,0,0,0,0,0,0,0,0,https://www.imdb.com/name/nm0816143/?ref_=fn_nm_nm_1,,,0.0,20.0
Eliot Wald,1981,1985,4,4,0,0,0,0,0,0,0,0,0,https://www.imdb.com/name/nm0906997/?ref_=fn_nm_nm_1,,,0.0,77.0
Andrew Kurtzman,1982,1985,3,3,0,0,0,0,0,0,0,0,0,https://www.imdb.com/name/nm0476065/?ref_=fn_nm_nm_1,,,0.0,57.0
Ellen L. Fogle,1982,1983,1,1,0,0,0,0,0,0,0,0,0,https://www.imdb.com/name/nm0283941/?ref_=fn_nm_nm_1,,,0.0,20.0
Tracy Tormé,1982,1983,1,1,0,0,0,0,0,0,0,0,0,https://www.imdb.com/name/nm0868124/?ref_=fn_nm_nm_1,,,0.0,19.0
Andy Breckman,1983,1987,3,3,0,0,0,0,0,0,0,0,0,https://www.imdb.com/name/nm0106563/?ref_=fn_nm_nm_1,,,9.0,63.0
Adam Green (II),1983,1984,1,1,0,0,0,0,0,0,0,0,0,https://www.imdb.com/name/nm0337580/?ref_=fn_nm_nm_1,,,0.0,19.0
Kevin Kelton,1983,1985,2,2,0,0,0,0,0,0,0,0,0,https://www.imdb.com/name/nm0447124/?ref_=fn_nm_nm_1,,,2.0,37.0
Michael C. McCarthy,1983,1984,1,1,0,0,0,0,0,0,0,0,0,https://www.imdb.com/name/nm0565258/?ref_=fn_nm_nm_1,,,0.0,18.0
Larry David,1984,1985,1,1,0,0,0,0,0,0,0,0,0,https://www.imdb.com/name/nm0202970/?ref_=fn_nm_nm_1,,,18.0,18.0
Rob Riley (I),1984,1985,1,1,0,0,0,0,0,0,0,0,0,https://www.imdb.com/name/nm0726988/?ref_=fn_nm_nm_1,,,1.0,17.0
Jack Handey,1985,2001,10,10,0,0,0,0,0,0,0,0,0,https://www.imdb.com/name/nm0359532/?ref_=fn_nm_nm_1,,,0.0,179.0
Lanier Laney,1985,1986,1,1,0,0,0,0,0,0,0,0,0,https://www.imdb.com/name/nm0485640/?ref_=fn_nm_nm_1,,,2.0,18.0
Carol Leifer,1985,1986,1,1,0,0,0,0,0,0,0,0,0,https://www.imdb.com/name/nm0500140/?ref_=fn_nm_nm_1,,,4.0,18.0
George Meyer,1985,1989,4,4,0,0,0,0,0,0,0,0,0,https://www.imdb.com/name/nm0583127/?ref_=fn_nm_nm_1,,,0.0,71.0
Bruce McCulloch,1985,1986,1,1,0,0,0,0,0,0,0,0,0,https://www.imdb.com/name/nm0567126/?ref_=fn_nm_nm_1,,,3.0,0.0
Richard Rosen (IV),1985,1986,1,1,0,0,0,0,0,0,0,0,0,https://www.imdb.com/name/nm2399917/?ref_=fn_nm_nm_1,,,0.0,3.0
Suzy Schneider,1985,1986,1,1,0,0,0,0,0,0,0,0,0,https://www.imdb.com/name/nm2954512/?ref_=fn_nm_nm_1,,,0.0,6.0
John Swartzwelder,1985,1986,1,1,0,0,0,0,0,0,0,0,0,https://www.imdb.com/name/nm0841990/?ref_=fn_nm_nm_1,,,4.0,18.0
E. Jean Carroll,1986,1987,1,1,0,0,0,0,0,0,0,0,0,https://www.imdb.com/name/nm0140800/?ref_=fn_nm_nm_1,,,0.0,18.0
Marc Shaiman,1986,1989,2,2,0,0,0,0,0,0,0,0,0,https://www.imdb.com/name/nm0003299/?ref_=fn_nm_nm_1,,,12.0,20.0
Bonnie Turner,1986,1992,6,6,0,0,0,0,0,0,0,0,0,https://www.imdb.com/name/nm0877425/?ref_=fn_nm_nm_1,,,13.0,130.0
Terry Turner,1986,1992,6,6,0,0,0,0,0,0,0,0,0,https://www.imdb.com/name/nm0877901/?ref_=fn_nm_nm_1,,,8.0,130.0
Jon Vitti,1986,1987,1,1,0,0,0,0,0,0,0,0,0,https://www.imdb.com/name/nm0900140/?ref_=fn_nm_nm_1,,,0.0,20.0
Christine Zander,1986,1993,7,7,0,0,0,0,0,0,0,0,0,https://www.imdb.com/name/nm0952863/?ref_=fn_nm_nm_1,,,22.0,130.0
Greg Daniels,1987,1990,3,3,0,0,0,0,0,0,0,0,0,https://www.imdb.com/name/nm0199948/?ref_=fn_nm_nm_1,,,0.0,53.0
Conan O'Brien,1987,1991,4,4,0,0,0,0,0,0,0,0,0,https://www.imdb.com/name/nm0005277/?ref_=fn_nm_nm_1,,,21.0,72.0
Bob Odenkirk,1987,1991,4,4,0,0,0,0,0,0,0,0,0,https://www.imdb.com/name/nm0644022/?ref_=fn_nm_nm_1,,,13.0,131.0
John Bowman,1988,1989,1,1,0,0,0,0,0,0,0,0,0,https://www.imdb.com/name/nm0101337/?ref_=fn_nm_nm_1,,,2.0,21.0
Shannon Gaughan,1988,1989,1,1,0,0,0,0,0,0,0,0,0,https://www.imdb.com/name/nm0969183/?ref_=fn_nm_nm_1,,,0.0,20.0
Tom Hymes,1989,1990,1,1,0,0,0,0,0,0,0,0,0,https://www.imdb.com/name/nm1631821/?ref_=fn_nm_nm_1,,,0.0,16.0
Dan McGrath (I),1990,1992,2,2,0,0,0,0,0,0,0,0,0,https://www.imdb.com/name/nm0569775/?ref_=fn_nm_nm_1,,,0.0,36.0
Andy Robin (I),1990,1991,1,1,0,0,0,0,0,0,0,0,0,https://www.imdb.com/name/nm0732165/?ref_=fn_nm_nm_1,,,1.0,18.0
Warren Hutcherson,1991,1993,2,2,0,0,0,0,0,0,0,0,0,https://www.imdb.com/name/nm0404209/?ref_=fn_nm_nm_1,,,3.0,40.0
Steve Koren,1991,1998,6,6,0,0,0,0,0,0,0,0,0,https://www.imdb.com/name/nm0466175/?ref_=fn_nm_nm_1,,,5.0,120.0
Ian Maxtone-Graham,1991,1995,4,4,0,0,0,0,0,0,0,0,0,https://www.imdb.com/name/nm0561631/?ref_=fn_nm_nm_1,,,3.0,61.0
Bruce Handy,1992,1993,1,1,0,0,0,0,0,0,0,0,0,https://www.imdb.com/name/nm1554692/?ref_=fn_nm_nm_1,,,0.0,19.0
Dawna Kaufmann,1992,1993,1,1,0,0,0,0,0,0,0,0,0,https://www.imdb.com/name/nm0442126/?ref_=fn_nm_nm_1,,,0.0,18.0
David Mandel,1992,1995,3,3,0,0,0,0,0,0,0,0,0,https://www.imdb.com/name/nm0541635/?ref_=fn_nm_nm_1,,,2.0,61.0
Vanessa Middleton,1992,1993,1,1,0,0,0,0,0,0,0,0,0,https://www.imdb.com/name/nm0585583/?ref_=fn_nm_nm_1,,,0.0,19.0
Glenn Rockowitz,1992,1993,1,1,0,0,0,0,0,0,0,0,0,https://www.imdb.com/name/nm1032308/?ref_=fn_nm_nm_1,,,0.0,6.0
Dave Attell,1993,1994,1,1,0,0,0,0,0,0,0,0,0,https://www.imdb.com/name/nm0040995/?ref_=fn_nm_nm_1,,,7.0,20.0
Tony De Sena (I),1993,1994,1,1,0,0,0,0,0,0,0,0,0,https://www.imdb.com/name/nm1096215/?ref_=fn_nm_nm_1,,,0.0,20.0
Tim Herlihy,1993,2000,7,7,1,0,0,0,0,0,0,0,0,https://www.imdb.com/name/nm0379056/?ref_=fn_nm_nm_1,,,1.0,137.0
Steve Lookner,1993,1995,2,2,0,0,0,0,0,0,0,0,0,https://www.imdb.com/name/nm0382769/?ref_=fn_nm_nm_1,,,2.0,40.0
Lewis Morton,1993,1995,2,2,0,0,0,0,0,0,0,0,0,https://www.imdb.com/name/nm0608034/?ref_=fn_nm_nm_1,,,1.0,40.0
Ross Abrash,1994,1998,4,4,0,0,0,0,0,0,0,0,0,https://www.imdb.com/name/nm1039205/?ref_=fn_nm_nm_1,,,0.0,80.0
Norm Hiscock,1994,1997,3,3,0,0,0,0,0,0,0,0,0,https://www.imdb.com/name/nm0386780/?ref_=fn_nm_nm_1,,,4.0,60.0
Brian Kelley (I),1994,1995,1,1,0,0,0,0,0,0,0,0,0,https://www.imdb.com/name/nm0445877/?ref_=fn_nm_nm_1,,,0.0,20.0
Margo Meyer,1994,1995,1,1,0,0,0,0,0,0,0,0,0,https://www.imdb.com/name/nm2953433/?ref_=fn_nm_nm_1,,,0.0,20.0
Adam Resnick,1994,1995,1,1,0,0,0,0,0,0,0,0,0,https://www.imdb.com/name/nm0720304/?ref_=fn_nm_nm_1,,,0.0,20.0
Drake Sather,1994,1995,1,1,0,0,0,0,0,0,0,0,0,https://www.imdb.com/name/nm0766153/?ref_=fn_nm_nm_1,,,0.0,21.0
Steve Higgins,1995,2021,26,26,1,0,0,0,0,0,0,0,0,https://www.imdb.com/name/nm0383492/?ref_=fn_nm_nm_1,,,58.0,514.0
Cindy Caponera,1995,1998,3,3,0,0,0,0,0,0,0,0,0,https://www.imdb.com/name/nm0135359/?ref_=fn_nm_nm_1,,,10.0,60.0
Hugh Fink,1995,2002,7,7,0,0,0,0,0,0,0,0,0,https://www.imdb.com/name/nm0277813/?ref_=fn_nm_nm_1,,,5.0,141.0
Tom Gianas,1995,1998,3,3,0,0,0,0,0,0,0,0,0,https://www.imdb.com/name/nm0316139/?ref_=fn_nm_nm_1,,,4.0,60.0
Peter Gaulke,1995,1996,1,1,0,0,0,0,0,0,0,0,0,https://www.imdb.com/name/nm0310087/?ref_=fn_nm_nm_1,,,0.0,16.0
Erin Fraser (III),1995,1996,1,1,0,0,0,0,0,0,0,0,0,https://www.imdb.com/name/nm0549524/?ref_=fn_nm_nm_1,,,0.0,18.0
Adam McKay,1995,2001,6,6,3,0,0,0,0,0,0,0,0,https://www.imdb.com/name/nm0570912/?ref_=fn_nm_nm_1,,,15.0,126.0
Dennis McNicholas,1995,2004,9,9,4,0,0,0,0,0,0,0,0,https://www.imdb.com/name/nm0574005/?ref_=fn_nm_nm_1,,,19.0,303.0
Lori Nasso,1995,1999,4,4,0,0,0,0,0,0,0,0,0,https://www.imdb.com/name/nm0621994/?ref_=fn_nm_nm_1,,,14.0,79.0
Paula Pell,1995,2009,14,14,2,0,0,0,0,0,0,0,0,https://www.imdb.com/name/nm0996134/?ref_=fn_nm_nm_1,,,66.0,311.0
Frank Sebastiano,1995,2006,11,9,0,0,0,0,0,0,0,0,0,https://www.imdb.com/name/nm0780980/?ref_=fn_nm_nm_1,,,3.0,173.0
Andrew Steele (I),1995,2008,13,13,4,0,0,0,0,0,0,0,0,https://www.imdb.com/name/nm0824482/?ref_=fn_nm_nm_1,,,1.0,240.0
David Breckman,1996,1997,1,1,0,0,0,0,0,0,0,0,0,https://www.imdb.com/name/nm1184512/?ref_=fn_nm_nm_1,,,0.0,20.0
Robert Carlock,1996,2001,5,5,0,0,0,0,0,0,0,0,0,https://www.imdb.com/name/nm1061622/?ref_=fn_nm_nm_1,,,7.0,103.0
Stephen Colbert,1996,1997,1,1,0,0,0,0,0,0,0,0,0,https://www.imdb.com/name/nm0170306/?ref_=fn_nm_nm_1,,,17.0,23.0
Matt Piedmont,1996,2002,6,6,0,0,0,0,0,0,0,0,0,https://www.imdb.com/name/nm0682126/?ref_=fn_nm_nm_1,,,3.0,119.0
Scott Wainio,1996,2003,7,7,0,0,0,0,0,0,0,0,0,https://www.imdb.com/name/nm0906511/?ref_=fn_nm_nm_1,,,7.0,139.0
Michael McCullers,1997,1998,1,1,0,0,0,0,0,0,0,0,0,https://www.imdb.com/name/nm0567112/?ref_=fn_nm_nm_1,,,0.0,20.0
Michael Schur,1997,2004,7,7,0,0,0,0,0,0,0,0,0,https://www.imdb.com/name/nm1321658/?ref_=fn_nm_nm_1,,,3.0,138.0
Jerry Collins,1998,2000,2,2,0,0,0,0,0,0,0,0,0,https://www.imdb.com/name/nm0172381/?ref_=fn_nm_nm_1,,,0.0,39.0
Steven Cragg,1998,2000,2,2,0,0,0,0,0,0,0,0,0,https://www.imdb.com/name/nm0185735/?ref_=fn_nm_nm_1,,,3.0,39.0
Tony Daro,1998,2001,3,3,0,0,0,0,0,0,0,0,0,https://www.imdb.com/name/nm1720857/?ref_=fn_nm_nm_1,,,0.0,58.0
Richard Francese,1998,2000,2,2,0,0,0,0,0,0,0,0,0,https://www.imdb.com/name/nm0289927/?ref_=fn_nm_nm_1,,,11.0,39.0
Matt Graham (II),1998,1999,1,1,0,0,0,0,0,0,0,0,0,https://www.imdb.com/name/nm1757994/?ref_=fn_nm_nm_1,,,0.0,18.0
Ray James,1998,1999,1,1,0,0,0,0,0,0,0,0,0,https://www.imdb.com/name/nm0416853/?ref_=fn_nm_nm_1,,,1.0,22.0
T. Sean Shannon,1998,2006,8,8,0,0,0,0,0,0,0,0,0,https://www.imdb.com/name/nm0780643/?ref_=fn_nm_nm_1,,,0.0,158.0
Kevin Brennan,1999,2000,1,1,0,0,0,0,0,0,0,0,0,https://www.imdb.com/name/nm0996057/?ref_=fn_nm_nm_1,,,0.0,20.0
Ali Reza,1999,2000,1,1,0,0,0,0,0,0,0,0,0,https://www.imdb.com/name/nm0995946/?ref_=fn_nm_nm_1,,,0.0,17.0
J.J. Philbin,1999,2000,1,1,0,0,0,0,0,0,0,0,0,https://www.imdb.com/name/nm0679902/?ref_=fn_nm_nm_1,,,0.0,17.0
James Anderson (XI),2000,2020,20,20,0,0,0,0,0,0,0,0,0,https://www.imdb.com/name/nm1318184/?ref_=fn_nm_nm_1,,,9.0,403.0
Melanie Graham (I),2000,2001,1,1,0,0,0,0,0,0,0,0,0,https://www.imdb.com/name/nm0334218/?ref_=fn_nm_nm_1,,,0.0,20.0
Erik Kenward,2000,2021,21,21,0,0,0,0,0,0,0,0,0,https://www.imdb.com/name/nm1334502/?ref_=fn_nm_nm_1,,,0.0,414.0
Jon Rosenfeld,2000,2001,1,1,0,0,0,0,0,0,0,0,0,https://www.imdb.com/name/nm1720897/?ref_=fn_nm_nm_1,,,0.0,18.0
Doug Abeles,2001,2011,10,10,0,0,0,0,0,0,0,0,0,https://www.imdb.com/name/nm1263023/?ref_=fn_nm_nm_1,,,3.0,197.0
Max Brooks,2001,2003,2,2,0,0,0,0,0,0,0,0,0,https://www.imdb.com/name/nm0112150/?ref_=fn_nm_nm_1,,,0.0,40.0
Louis C.K.,2001,2004,3,3,0,0,0,0,0,0,0,0,4,https://www.imdb.com/name/nm0127373/?ref_=fn_nm_nm_1,,,0.0,15.0
Charlie Grandy,2001,2008,7,7,0,0,0,0,0,0,0,0,0,https://www.imdb.com/name/nm0334946/?ref_=fn_nm_nm_1,,,1.0,131.0
Ken Scarborough,2001,2004,3,3,0,0,0,0,0,0,0,0,0,https://www.imdb.com/name/nm0769095/?ref_=fn_nm_nm_1,,,0.0,75.0
Barry Sobel,2000,2001,1,1,0,0,0,0,0,0,0,0,0,https://www.imdb.com/name/nm0811746/?ref_=fn_nm_nm_1,,,0.0,20.0
Leo Allen,2002,2005,3,3,0,0,0,0,0,0,0,0,0,https://www.imdb.com/name/nm1179485/?ref_=fn_nm_nm_1,,,3.0,60.0
James Eagan,2002,2004,2,2,0,0,0,0,0,0,0,0,0,https://www.imdb.com/name/nm0247063/?ref_=fn_nm_nm_1,,,0.0,39.0
Corwin Moore,2002,2003,1,1,0,0,0,0,0,0,0,0,0,https://www.imdb.com/name/nm0601074/?ref_=fn_nm_nm_1,,,0.0,20.0
Eric Slovin,2002,2005,3,3,0,0,0,0,0,0,0,0,0,https://www.imdb.com/name/nm0806246/?ref_=fn_nm_nm_1,,,11.0,60.0
Emily Spivey,2002,2010,8,8,0,0,0,0,0,0,0,0,0,https://www.imdb.com/name/nm0819225/?ref_=fn_nm_nm_1,,,7.0,180.0
Jordan Black,2003,2004,1,1,0,0,0,0,0,0,0,0,0,https://www.imdb.com/name/nm0085359/?ref_=fn_nm_nm_1,,,0.0,20.0
Liz Cackowski,2003,2006,3,3,0,0,0,0,0,0,0,0,0,https://www.imdb.com/name/nm1560199/?ref_=fn_nm_nm_1,,,5.0,59.0
David Iserson,2003,2004,1,1,0,0,0,0,0,0,0,0,0,https://www.imdb.com/name/nm1503347/?ref_=fn_nm_nm_1,,,0.0,20.0
Joe Kelly,2003,2013,3,3,0,0,0,0,0,0,0,0,0,https://www.imdb.com/name/nm1918708/?ref_=fn_nm_nm_1,,,1.0,59.0
John Lutz,2003,2010,7,7,0,0,0,0,0,0,0,0,0,https://www.imdb.com/name/nm0527572/?ref_=fn_nm_nm_1,,,21.0,115.0
J.B. Smoove,2003,2006,3,3,0,0,0,0,0,0,0,0,0,https://www.imdb.com/name/nm1356578/?ref_=fn_nm_nm_1,,,12.0,60.0
Jason Sudeikis,2003,2005,2,2,0,0,0,0,0,0,0,0,1,https://www.imdb.com/name/nm0837177/?ref_=fn_nm_nm_1,,,177.0,37.0
Rich Talarico,2003,2005,2,2,0,0,0,0,0,0,0,0,0,https://www.imdb.com/name/nm0847822/?ref_=fn_nm_nm_1,,,1.0,40.0
Alex Baze,2004,2014,10,10,0,0,0,0,0,0,0,0,0,https://www.imdb.com/name/nm1733287/?ref_=fn_nm_nm_1,,,0.0,195.0
Matt Murray (I),2004,2007,3,3,0,0,0,0,0,0,0,0,0,https://www.imdb.com/name/nm1230361/?ref_=fn_nm_nm_1,,,0.0,139.0
Lauren Pomerantz,2004,2005,1,1,0,0,0,0,0,0,0,0,0,https://www.imdb.com/name/nm1729395/?ref_=fn_nm_nm_1,,,0.0,20.0
Akiva Schaffer,2005,2011,6,6,0,0,0,0,0,0,0,0,0,https://www.imdb.com/name/nm1676223/?ref_=fn_nm_nm_1,,,8.0,116.0
Jorma Taccone,2005,2011,6,6,0,0,0,0,0,0,0,0,0,https://www.imdb.com/name/nm1672246/?ref_=fn_nm_nm_1,,,22.0,99.0
Bryan H. Tucker,2005,2021,16,16,5,0,0,0,0,0,0,0,0,https://www.imdb.com/name/nm1317704/?ref_=fn_nm_nm_1,,,9.0,307.0
Marika Sawyer,2006,2014,8,8,0,0,0,0,0,0,0,0,0,https://www.imdb.com/name/nm2854926/?ref_=fn_nm_nm_1,,,2.0,142.0
John Solomon,2006,2015,9,9,0,0,0,0,0,0,0,0,0,https://www.imdb.com/name/nm1231253/?ref_=fn_nm_nm_1,,,7.0,147.0
Rob Klein,2007,2017,10,10,3,0,0,0,0,0,0,0,0,https://www.imdb.com/name/nm2914092/?ref_=fn_nm_nm_1,,,0.0,181.0
Simon Rich,2007,2011,4,4,0,0,0,0,0,0,0,0,0,https://www.imdb.com/name/nm2919995/?ref_=fn_nm_nm_1,,,4.0,83.0
Kent Sublette,2007,2021,14,14,5,0,0,0,0,0,0,0,0,https://www.imdb.com/name/nm1229014/?ref_=fn_nm_nm_1,,,3.0,229.0
Jessica Conrad,2008,2012,4,4,0,0,0,0,0,0,0,0,0,https://www.imdb.com/name/nm3165087/?ref_=fn_nm_nm_1,,,0.0,82.0
John Mulaney,2008,2012,4,4,0,0,0,0,0,0,0,0,4,https://www.imdb.com/name/nm1825214/?ref_=fn_nm_nm_1,,,5.0,96.0
Jillian Bell,2009,2010,1,1,0,0,0,0,0,0,0,0,0,https://www.imdb.com/name/nm3255459/?ref_=fn_nm_nm_1,,,1.0,22.0
Hannibal Buress,2009,2010,1,1,0,0,0,0,0,0,0,0,0,https://www.imdb.com/name/nm2868110/?ref_=fn_nm_nm_1,,,2.0,22.0
Jessi Klein,2009,2010,1,1,0,0,0,0,0,0,0,0,0,https://www.imdb.com/name/nm1585728/?ref_=fn_nm_nm_1,,,2.0,20.0
Christine Nangle,2009,2012,3,3,0,0,0,0,0,0,0,0,0,https://www.imdb.com/name/nm3652881/?ref_=fn_nm_nm_1,,,2.0,62.0
Michael Patrick O'Brien,2009,2013,4,4,0,0,0,0,0,0,0,0,0,https://www.imdb.com/name/nm3653190/?ref_=fn_nm_nm_1,,,44.0,103.0
Ryan Perez (I),2009,2010,1,1,0,0,0,0,0,0,0,0,0,https://www.imdb.com/name/nm1885677/?ref_=fn_nm_nm_1,,,1.0,22.0
Heather Anne Campbell,2010,2011,1,1,0,0,0,0,0,0,0,0,0,https://www.imdb.com/name/nm2216111/?ref_=fn_nm_nm_1,,,0.0,22.0
Matthew Craig (II),2010,2011,1,1,0,0,0,0,0,0,0,0,0,https://www.imdb.com/name/nm2924462/?ref_=fn_nm_nm_1,,,0.0,5.0
Tom Flanigan,2010,2011,1,1,0,0,0,0,0,0,0,0,0,https://www.imdb.com/name/nm11281657/?ref_=fn_nm_nm_1,,,0.0,0.0
Shelly Gossman,2010,2012,2,2,0,0,0,0,0,0,0,0,0,https://www.imdb.com/name/nm4586457/?ref_=fn_nm_nm_1,,,1.0,10.0
Jonathan Krisel,2010,2011,1,1,0,0,0,0,0,0,0,0,0,https://www.imdb.com/name/nm1730037/?ref_=fn_nm_nm_1,,,0.0,23.0
Sarah Schneider,2010,2017,7,7,1,0,0,0,0,0,0,0,0,https://www.imdb.com/name/nm1365351/?ref_=fn_nm_nm_1,,,1.0,75.0
Zach Kanin,2011,2016,5,5,0,0,0,0,0,0,0,0,0,https://www.imdb.com/name/nm2385671/?ref_=fn_nm_nm_1,,,0.0,97.0
Chris Kelly,2011,2017,6,6,1,0,0,0,0,0,0,0,0,https://www.imdb.com/name/nm6287571/?ref_=fn_nm_nm_1,,,0.0,88.0
Pete Schultz,2011,2021,10,10,0,0,0,0,0,0,0,0,0,https://www.imdb.com/name/nm3965483/?ref_=fn_nm_nm_1,,,0.0,206.0
Neil Casey,2012,2013,1,1,0,0,0,0,0,0,0,0,0,https://www.imdb.com/name/nm2654481/?ref_=fn_nm_nm_1,,,0.0,19.0
Josh Patten,2012,2021,8,8,0,0,0,0,0,0,0,0,0,https://www.imdb.com/name/nm4483652/?ref_=fn_nm_nm_1,,,0.0,172.0
Claire Mulaney,2013,2015,2,2,0,0,0,0,0,0,0,0,0,https://www.imdb.com/name/nm6004139/?ref_=fn_nm_nm_1,,,0.0,42.0
Katie Rich,2013,2019,6,6,0,0,0,0,0,0,0,0,0,https://www.imdb.com/name/nm5098521/?ref_=fn_nm_nm_1,,,1.0,106.0
LaKendra Tookes,2013,2014,1,1,0,0,0,0,0,0,0,0,0,https://www.imdb.com/name/nm6228635/?ref_=fn_nm_nm_1,,,0.0,11.0
Jeremy Beiler,2014,2017,2,2,0,0,0,0,0,0,0,0,0,https://www.imdb.com/name/nm1501030/?ref_=fn_nm_nm_1,,,0.0,61.0
Dave McCary,2014,2018,3,3,0,0,0,0,0,0,0,0,0,https://www.imdb.com/name/nm5050824/?ref_=fn_nm_nm_1,,,0.0,83.0
Natasha Rothwell,2014,2015,1,1,0,0,0,0,0,0,0,0,0,https://www.imdb.com/name/nm5625020/?ref_=fn_nm_nm_1,,,0.0,21.0
Nicholas Rutherford,2014,2015,1,1,0,0,0,0,0,0,0,0,0,https://www.imdb.com/name/nm0751990/?ref_=fn_nm_nm_1,,,0.0,21.0
Meredith Scardino,2014,2015,1,1,0,0,0,0,0,0,0,0,0,https://www.imdb.com/name/nm2227704/?ref_=fn_nm_nm_1,,,0.0,9.0
Chris Belair,2015,2016,1,1,0,0,0,0,0,0,0,0,0,https://www.imdb.com/name/nm3677049/?ref_=fn_nm_nm_1,,,0.0,21.0
Paul Masella,2015,2016,1,1,0,0,0,0,0,0,0,0,0,https://www.imdb.com/name/nm3688724/?ref_=fn_nm_nm_1,,,0.0,21.0
Dave Sirus,2015,2016,1,1,0,0,0,0,0,0,0,0,0,https://www.imdb.com/name/nm3461468/?ref_=fn_nm_nm_1,,,0.0,26.0
Will Stephen,2015,2021,6,6,0,0,0,0,0,0,0,0,0,https://www.imdb.com/name/nm5560794/?ref_=fn_nm_nm_1,,,0.0,121.0
Kristen Bartlett,2016,2018,2,2,0,0,0,0,0,0,0,0,0,https://www.imdb.com/name/nm4434455/?ref_=fn_nm_nm_1,,,0.0,27.0
Zack Bornstein,2016,2017,1,1,0,0,0,0,0,0,0,0,0,https://www.imdb.com/name/nm4956526/?ref_=fn_nm_nm_1,,,0.0,21.0
Joanna Bradley,2016,2017,1,1,0,0,0,0,0,0,0,0,0,https://www.imdb.com/name/nm5400395/?ref_=fn_nm_nm_1,,,0.0,21.0
Anna Drezen,2016,2021,5,5,1,0,0,0,0,0,0,0,0,https://www.imdb.com/name/nm4871432/?ref_=fn_nm_nm_1,,,0.0,102.0
Nick Kocher,2016,2018,2,2,0,0,0,0,0,0,0,0,0,https://www.imdb.com/name/nm3304457/?ref_=fn_nm_nm_1,,,0.0,27.0
Michael Koman,2016,2019,3,3,0,0,0,0,0,0,0,0,0,https://www.imdb.com/name/nm0464523/?ref_=fn_nm_nm_1,,,0.0,52.0
Brian McElhaney,2016,2018,2,2,0,0,0,0,0,0,0,0,0,https://www.imdb.com/name/nm3537795/?ref_=fn_nm_nm_1,,,0.0,27.0
Drew Michael,2016,2018,2,2,0,0,0,0,0,0,0,0,0,https://www.imdb.com/name/nm6569383/?ref_=fn_nm_nm_1,,,0.0,21.0
Julio Torres,2016,2019,3,3,0,0,0,0,0,0,0,0,0,https://www.imdb.com/name/nm7088580/?ref_=fn_nm_nm_1,,,0.0,61.0
Steven Castillo,2017,2021,4,4,0,0,0,0,0,0,0,0,0,https://www.imdb.com/name/nm9163311/?ref_=fn_nm_nm_1,,,0.0,80.0
Claire Friedman,2017,2018,1,1,0,0,0,0,0,0,0,0,0,https://www.imdb.com/name/nm8077083/?ref_=fn_nm_nm_1,,,0.0,21.0
Fran Gillespie,2015,2021,6,6,0,0,0,0,0,0,0,0,0,https://www.imdb.com/name/nm5246001/?ref_=fn_nm_nm_1,,,0.0,122.0
Sudi Green,2015,2021,6,6,0,0,0,0,0,0,0,0,0,https://www.imdb.com/name/nm6003622/?ref_=fn_nm_nm_1,,,0.0,122.0
Sam Jay,2017,2021,4,4,0,0,0,0,0,0,0,0,0,https://www.imdb.com/name/nm7615637/?ref_=fn_nm_nm_1,,,0.0,70.0
Michael Koman,2016,2019,3,3,0,0,0,0,0,0,0,0,0,https://www.imdb.com/name/nm0464523/?ref_=fn_nm_nm_1,,,0.0,52.0
Erik Marino,2017,2018,1,1,0,0,0,0,0,0,0,0,0,https://www.imdb.com/name/nm0547765/?ref_=fn_nm_nm_1,,,0.0,21.0
Nimesh Patel,2017,2018,1,1,0,0,0,0,0,0,0,0,0,https://www.imdb.com/name/nm7964342/?ref_=fn_nm_nm_1,,,0.0,21.0
Gary Richardson,2017,2021,4,4,0,0,0,0,0,0,0,0,0,https://www.imdb.com/name/nm6324751/?ref_=fn_nm_nm_1,,,0.0,79.0
Streeter Seidell,2014,2021,7,7,0,0,0,0,0,0,0,0,0,https://www.imdb.com/name/nm3289293/?ref_=fn_nm_nm_1,,,1.0,142.0
Megan Callahan-Shah,2015,2021,6,6,0,0,0,0,0,0,0,0,0,https://www.imdb.com/name/nm4916386/?ref_=fn_nm_nm_1,,,0.0,126.0
Alison Gates,2018,2021,3,3,0,0,0,0,0,0,0,0,0,https://www.imdb.com/name/nm10384188/?ref_=fn_nm_nm_1,,,0.0,60.0
Alan Linic,2018,2019,1,1,0,0,0,0,0,0,0,0,0,https://www.imdb.com/name/nm7860442/?ref_=fn_nm_nm_1,,,0.0,21.0
Eli Coyote Mandel,2018,2019,1,1,0,0,0,0,0,0,0,0,0,https://www.imdb.com/name/nm8881698/?ref_=fn_nm_nm_1,,,0.0,21.0
Dan Bulla,2019,2021,2,2,0,0,0,0,0,0,0,0,0,https://www.imdb.com/name/nm4674057/?ref_=fn_nm_nm_1,,,0.0,39.0
Emma Clark,2019,2021,2,2,0,0,0,0,0,0,0,0,0,https://www.imdb.com/name/nm8485344/?ref_=fn_nm_nm_1,,,0.0,27.0
Dan Licata,2019,2021,2,2,0,0,0,0,0,0,0,0,0,https://www.imdb.com/name/nm3915994/?ref_=fn_nm_nm_1,,,0.0,38.0
Jasmine Pierce,2019,2021,2,2,0,0,0,0,0,0,0,0,0,https://www.imdb.com/name/nm5276392/?ref_=fn_nm_nm_1,,,0.0,38.0
Mark Steinbach,2019,2021,2,2,0,0,0,0,0,0,0,0,0,https://www.imdb.com/name/nm9184163/?ref_=fn_nm_nm_2,,,0.0,38.0
Celeste Yim,2020,2021,1,1,0,0,0,0,0,0,0,0,0,https://www.imdb.com/name/nm11940589/?ref_=fn_nm_nm_1,,,0.0,20.0
