person,credit_type,media_type,title,imdb_link,total_episode_count
Seth Meyers,writer,"(TV Series) (2 episodes, 2019 - 2020) (written by - 175 episodes, 2014 - 2019)",Late Night with Seth Meyers,https://www.imdb.com/title/tt3513388/,177
Seth Meyers,producer,(TV Series) (producer - 1 episode),Late Night with Seth Meyers,https://www.imdb.com/title/tt3513388/,1
Seth Meyers,self,"(TV Series)

Self - Host / 'Bad Men' Actor / Donald Trump / ...",Late Night with Seth Meyers,https://www.imdb.com/title/tt3513388/,"1,206"
Colin Jost,writer,(TV Series) (writer - 1 episode),Late Night with Seth Meyers,https://www.imdb.com/title/tt3513388/,1
Colin Jost,self,"(TV Series)

Self / Self - Guest / Self - Sketch Co-Writer",Late Night with Seth Meyers,https://www.imdb.com/title/tt3513388/,12
Michael Che,self,"(TV Series)

Self / Self - Guest / Self - Guest Comic",Late Night with Seth Meyers,https://www.imdb.com/title/tt3513388/,10
Tina Fey,self,"(TV Series)

Self - Guest / Self",Late Night with Seth Meyers,https://www.imdb.com/title/tt3513388/,7
Tina Fey,archive_footage,"(TV Series)

Self",Late Night with Seth Meyers,https://www.imdb.com/title/tt3513388/,1
Dennis Miller,self,"(TV Series)

Self",Late Night with Seth Meyers,https://www.imdb.com/title/tt3513388/,1
Jimmy Fallon,self,"(TV Series)

Self / Self - Guest",Late Night with Seth Meyers,https://www.imdb.com/title/tt3513388/,4
Amy Poehler,self,"(TV Series)

Self - Guest / Self",Late Night with Seth Meyers,https://www.imdb.com/title/tt3513388/,13
Jane Curtin,self,"(TV Series)

Self",Late Night with Seth Meyers,https://www.imdb.com/title/tt3513388/,1
Kevin Nealon,self,"(TV Series)

Self",Late Night with Seth Meyers,https://www.imdb.com/title/tt3513388/,1
Colin Quinn,self,"(TV Series)

Self / Self - Angrily Swiping Things Off Desk",Late Night with Seth Meyers,https://www.imdb.com/title/tt3513388/,10
Cecily Strong,self,"(TV Series)

Self / Self - Guest",Late Night with Seth Meyers,https://www.imdb.com/title/tt3513388/,7
Dan Aykroyd,self,"(TV Series)

Self",Late Night with Seth Meyers,https://www.imdb.com/title/tt3513388/,1
Horatio Sanz,actor,"(TV Series)

El Chapo",Late Night with Seth Meyers,https://www.imdb.com/title/tt3513388/,1
Horatio Sanz,self,"(TV Series)

Self",Late Night with Seth Meyers,https://www.imdb.com/title/tt3513388/,3
Joe Piscopo,self,"(TV Series)

Self",Late Night with Seth Meyers,https://www.imdb.com/title/tt3513388/,1
Al Franken,self,"(TV Series)

Self",Late Night with Seth Meyers,https://www.imdb.com/title/tt3513388/,1
Mikey Day,self,"(TV Series)

Self",Late Night with Seth Meyers,https://www.imdb.com/title/tt3513388/,1
Jim Belushi,self,"(TV Series)

Self",Late Night with Seth Meyers,https://www.imdb.com/title/tt3513388/,1
Leslie Jones,self,"(TV Series)

Self / Self - 'Game of Jones'",Late Night with Seth Meyers,https://www.imdb.com/title/tt3513388/,11
Fred Armisen,actor,"(TV Series)

Lee Smith - Musical Guest: Test Pattern / Richie Cornish - Musical Guest: Blue Jean Committee",Late Night with Seth Meyers,https://www.imdb.com/title/tt3513388/,2
Fred Armisen,self,"(TV Series)

Self - Musical Director / Self / Self - Musical Guest / ...",Late Night with Seth Meyers,https://www.imdb.com/title/tt3513388/,916
Vanessa Bayer,self,"(TV Series)

Self",Late Night with Seth Meyers,https://www.imdb.com/title/tt3513388/,4
Beck Bennett,self,"(TV Series)

Self",Late Night with Seth Meyers,https://www.imdb.com/title/tt3513388/,1
Aidy Bryant,self,"(TV Series)

Self - Guest / Self",Late Night with Seth Meyers,https://www.imdb.com/title/tt3513388/,7
Dana Carvey,self,"(TV Series)

Self",Late Night with Seth Meyers,https://www.imdb.com/title/tt3513388/,1
Pete Davidson,self,"(TV Series)

Self / Self - Guest",Late Night with Seth Meyers,https://www.imdb.com/title/tt3513388/,5
Robert Downey Jr.,self,"(TV Series)

Self - Guest",Late Night with Seth Meyers,https://www.imdb.com/title/tt3513388/,1
Rachel Dratch,actress,"(TV Series)

Donna",Late Night with Seth Meyers,https://www.imdb.com/title/tt3513388/,1
Rachel Dratch,self,"(TV Series)

Self / Self - 'Tom's Hot Date'",Late Night with Seth Meyers,https://www.imdb.com/title/tt3513388/,7
Abby Elliott,self,"(TV Series)

Self",Late Night with Seth Meyers,https://www.imdb.com/title/tt3513388/,1
Will Ferrell,actor,"(TV Series)

Ron Burgundy",Late Night with Seth Meyers,https://www.imdb.com/title/tt3513388/,1
Will Ferrell,self,"(TV Series)

Self - Guest / Self",Late Night with Seth Meyers,https://www.imdb.com/title/tt3513388/,4
Will Forte,self,"(TV Series)

Self / Self - Guest / Self - Angrily Swiping Things Off Desk / ...",Late Night with Seth Meyers,https://www.imdb.com/title/tt3513388/,10
Heidi Gardner,self,"(TV Series)

Self",Late Night with Seth Meyers,https://www.imdb.com/title/tt3513388/,1
Ana Gasteyer,self,"(TV Series)

Self / Self - Musical Guest / Self - Guest",Late Night with Seth Meyers,https://www.imdb.com/title/tt3513388/,4
Gilbert Gottfried,self,"(TV Series)

Self",Late Night with Seth Meyers,https://www.imdb.com/title/tt3513388/,4
Bill Hader,self,"(TV Series)

Self - Guest / Self / Mark - Musical Guest: Test Pattern / ...",Late Night with Seth Meyers,https://www.imdb.com/title/tt3513388/,6
Darrell Hammond,self,"(TV Series)

Self",Late Night with Seth Meyers,https://www.imdb.com/title/tt3513388/,1
Chris Kattan,self,"(TV Series)

Self",Late Night with Seth Meyers,https://www.imdb.com/title/tt3513388/,1
Taran Killam,self,"(TV Series)

Self / Self - Guest",Late Night with Seth Meyers,https://www.imdb.com/title/tt3513388/,7
Julia Louis-Dreyfus,self,"(TV Series)

Self",Late Night with Seth Meyers,https://www.imdb.com/title/tt3513388/,2
Michael McKean,self,"(TV Series)

Self - Guest",Late Night with Seth Meyers,https://www.imdb.com/title/tt3513388/,1
Mark McKinney,self,"(TV Series)

Self - The Kids in the Hall",Late Night with Seth Meyers,https://www.imdb.com/title/tt3513388/,1
Kate McKinnon,self,"(TV Series)

Self / Self - Guest / Self - New Year's Resolution",Late Night with Seth Meyers,https://www.imdb.com/title/tt3513388/,7
Tim Meadows,self,"(TV Series)

Self",Late Night with Seth Meyers,https://www.imdb.com/title/tt3513388/,4
Laurie Metcalf,self,"(TV Series)

Self - Guest",Late Night with Seth Meyers,https://www.imdb.com/title/tt3513388/,1
Finesse Mitchell,self,"(TV Series)

Self",Late Night with Seth Meyers,https://www.imdb.com/title/tt3513388/,2
Kyle Mooney,self,"(TV Series)

Self",Late Night with Seth Meyers,https://www.imdb.com/title/tt3513388/,1
Tracy Morgan,self,"(TV Series)

Self",Late Night with Seth Meyers,https://www.imdb.com/title/tt3513388/,6
Bobby Moynihan,self,"(TV Series)

Self / Self - Guest",Late Night with Seth Meyers,https://www.imdb.com/title/tt3513388/,4
Eddie Murphy,self,"(TV Series)

Self",Late Night with Seth Meyers,https://www.imdb.com/title/tt3513388/,1
Mike Myers,self,"(TV Series)

Self / Self - Guest",Late Night with Seth Meyers,https://www.imdb.com/title/tt3513388/,3
Ego Nwodim,self,"(TV Series)

Self",Late Night with Seth Meyers,https://www.imdb.com/title/tt3513388/,1
Michael Patrick O'Brien (II) ,self,"(TV Series)

Self",Late Night with Seth Meyers,https://www.imdb.com/title/tt3513388/,3
Michael Patrick O'Brien (II) ,actor,"(TV Series)

Coffeehouse Customer",Late Night with Seth Meyers,https://www.imdb.com/title/tt3513388/,1
Nasim Pedrad,self,"(TV Series)

Self",Late Night with Seth Meyers,https://www.imdb.com/title/tt3513388/,1
Jay Pharoah,self,"(TV Series)

Self",Late Night with Seth Meyers,https://www.imdb.com/title/tt3513388/,1
Rob Riggle,self,"(TV Series)

Self - Guest",Late Night with Seth Meyers,https://www.imdb.com/title/tt3513388/,1
Chris Rock,archive_footage,"(TV Series)

Self - Heads Up America PSA",Late Night with Seth Meyers,https://www.imdb.com/title/tt3513388/,1
Maya Rudolph,self,"(TV Series)

Self - Guest / Self / Self - Musical Guest",Late Night with Seth Meyers,https://www.imdb.com/title/tt3513388/,8
Maya Rudolph,archive_footage,"(TV Series)

Self",Late Night with Seth Meyers,https://www.imdb.com/title/tt3513388/,1
Andy Samberg,self,"(TV Series)

Self / Self - Guest / Graham",Late Night with Seth Meyers,https://www.imdb.com/title/tt3513388/,8
Andy Samberg,actor,"(TV Series)

The Mummy",Late Night with Seth Meyers,https://www.imdb.com/title/tt3513388/,1
Molly Shannon,self,"(TV Series)

Self - Guest",Late Night with Seth Meyers,https://www.imdb.com/title/tt3513388/,4
Jenny Slate,self,"(TV Series)

Self / Self - Guest",Late Night with Seth Meyers,https://www.imdb.com/title/tt3513388/,5
Ben Stiller,self,"(TV Series)

Self - Guest",Late Night with Seth Meyers,https://www.imdb.com/title/tt3513388/,1
Kenan Thompson,actor,"(TV Series)

Mario",Late Night with Seth Meyers,https://www.imdb.com/title/tt3513388/,1
Kenan Thompson,self,"(TV Series)

Self / Self - Guest / Self - 'Game of Jones' / ...",Late Night with Seth Meyers,https://www.imdb.com/title/tt3513388/,12
Melissa Villase√±or,self,"(TV Series)

Self - Guest",Late Night with Seth Meyers,https://www.imdb.com/title/tt3513388/,1
Michaela Watkins,self,"(TV Series)

Self",Late Night with Seth Meyers,https://www.imdb.com/title/tt3513388/,1
Brooks Wheelan,self,"(TV Series)

Self",Late Night with Seth Meyers,https://www.imdb.com/title/tt3513388/,3
Kristen Wiig,self,"(TV Series)

Self - Guest",Late Night with Seth Meyers,https://www.imdb.com/title/tt3513388/,4
Casey Wilson,self,"(TV Series)

Self / Self - Guest",Late Night with Seth Meyers,https://www.imdb.com/title/tt3513388/,3
Tim Robinson,self,"(TV Series)

Self / Self - Guest / Self - Comic Guest",Late Night with Seth Meyers,https://www.imdb.com/title/tt3513388/,4
Tim Robinson,actor,"(TV Series)

Dale / Timmy The Late Night Superfan",Late Night with Seth Meyers,https://www.imdb.com/title/tt3513388/,3
Adam Sandler,self,"(TV Series)

Self / Self - Guest",Late Night with Seth Meyers,https://www.imdb.com/title/tt3513388/,3
Martin Short,self,"(TV Series)

Self / Self - Guest",Late Night with Seth Meyers,https://www.imdb.com/title/tt3513388/,4
Sarah Silverman,self,"(TV Series)

Self - Guest / Self",Late Night with Seth Meyers,https://www.imdb.com/title/tt3513388/,6
Robert Smigel,self,"(TV Series)

Self",Late Night with Seth Meyers,https://www.imdb.com/title/tt3513388/,1
David Spade,self,"(TV Series)

Self - Guest / Self",Late Night with Seth Meyers,https://www.imdb.com/title/tt3513388/,2
Jason Sudeikis,self,"(TV Series)

Self / Dan",Late Night with Seth Meyers,https://www.imdb.com/title/tt3513388/,9
Bowen Yang,self,"(TV Series)

Self",Late Night with Seth Meyers,https://www.imdb.com/title/tt3513388/,2
Lorne Michaels,producer,(TV Series) (executive producer - 176 episodes),Late Night with Seth Meyers,https://www.imdb.com/title/tt3513388/,176
Larry David,self,"(TV Series)

Self",Late Night with Seth Meyers,https://www.imdb.com/title/tt3513388/,2
Bruce McCulloch,self,"(TV Series)

Self - The Kids in the Hall",Late Night with Seth Meyers,https://www.imdb.com/title/tt3513388/,1
Bob Odenkirk,self,"(TV Series)

Self",Late Night with Seth Meyers,https://www.imdb.com/title/tt3513388/,2
David Mandel,self,"(TV Series)

Self",Late Night with Seth Meyers,https://www.imdb.com/title/tt3513388/,1
Adam McKay,self,"(TV Series)

Self - Guest / Self",Late Night with Seth Meyers,https://www.imdb.com/title/tt3513388/,2
Paula Pell,self,"(TV Series)

Self / Self - Guest",Late Night with Seth Meyers,https://www.imdb.com/title/tt3513388/,8
Stephen Colbert,self,"(TV Series)

Self",Late Night with Seth Meyers,https://www.imdb.com/title/tt3513388/,1
Michael Schur,self,"(TV Series)

Self",Late Night with Seth Meyers,https://www.imdb.com/title/tt3513388/,2
James Anderson (XI),self,"(TV Series)

Self",Late Night with Seth Meyers,https://www.imdb.com/title/tt3513388/,1
Erik Kenward,writer,(TV Series) (writer - 1 episode),Late Night with Seth Meyers,https://www.imdb.com/title/tt3513388/,1
Max Brooks,self,"(TV Series)

Self - Author",Late Night with Seth Meyers,https://www.imdb.com/title/tt3513388/,1
Louis C.K.,self,"(TV Series)

Self - Guest",Late Night with Seth Meyers,https://www.imdb.com/title/tt3513388/,1
Louis C.K.,archive_footage,"(TV Series)

Self - Heads Up America PSA",Late Night with Seth Meyers,https://www.imdb.com/title/tt3513388/,1
Emily Spivey,self,"(TV Series)

Self - Guest / Self",Late Night with Seth Meyers,https://www.imdb.com/title/tt3513388/,2
John Lutz,writer,(TV Series) (written by - 175 episodes),Late Night with Seth Meyers,https://www.imdb.com/title/tt3513388/,175
John Lutz,actor,"(TV Series)

Dwight Kruger / Leave Him Alone Guy / Duobrachium Sparksae / ...",Late Night with Seth Meyers,https://www.imdb.com/title/tt3513388/,58
John Lutz,self,"(TV Series)

Self - Staff Writer / Self",Late Night with Seth Meyers,https://www.imdb.com/title/tt3513388/,9
J.B. Smoove,self,"(TV Series)

Self / Self - Guest",Late Night with Seth Meyers,https://www.imdb.com/title/tt3513388/,4
Jason Sudeikis,self,"(TV Series)

Self / Dan",Late Night with Seth Meyers,https://www.imdb.com/title/tt3513388/,9
Alex Baze,producer,(TV Series) (producer - 266 episodes),Late Night with Seth Meyers,https://www.imdb.com/title/tt3513388/,266
Alex Baze,self,"(TV Series)

Self - Staff Writer",Late Night with Seth Meyers,https://www.imdb.com/title/tt3513388/,11
Alex Baze,writer,"(TV Series) (written by - 185 episodes, 2014 - 2017) (writer - 81 episodes, 2014 - 2016) (head writer - 1 episode, 2020)",Late Night with Seth Meyers,https://www.imdb.com/title/tt3513388/,266
Akiva Schaffer,self,"(TV Series)

Self",Late Night with Seth Meyers,https://www.imdb.com/title/tt3513388/,1
Jorma Taccone,self,"(TV Series)

Self",Late Night with Seth Meyers,https://www.imdb.com/title/tt3513388/,2
Rob Klein,self,"(TV Series)

Self",Late Night with Seth Meyers,https://www.imdb.com/title/tt3513388/,1
Simon Rich,self,"(TV Series)

Self / Self - Guest",Late Night with Seth Meyers,https://www.imdb.com/title/tt3513388/,3
John Mulaney,writer,(TV Series) (1 episode),Late Night with Seth Meyers,https://www.imdb.com/title/tt3513388/,1
John Mulaney,actor,"(TV Series)

George St. Geegland",Late Night with Seth Meyers,https://www.imdb.com/title/tt3513388/,2
John Mulaney,self,"(TV Series)

Self / Self - Guest / Self - Mulaney",Late Night with Seth Meyers,https://www.imdb.com/title/tt3513388/,15
Jillian Bell,self,"(TV Series)

Self - Guest",Late Night with Seth Meyers,https://www.imdb.com/title/tt3513388/,1
Hannibal Buress,self,"(TV Series)

Self",Late Night with Seth Meyers,https://www.imdb.com/title/tt3513388/,3
Jessi Klein,self,"(TV Series)

Self",Late Night with Seth Meyers,https://www.imdb.com/title/tt3513388/,1
Michael Patrick O'Brien,self,"(TV Series)

Self",Late Night with Seth Meyers,https://www.imdb.com/title/tt3513388/,3
Michael Patrick O'Brien,actor,"(TV Series)

Coffeehouse Customer",Late Night with Seth Meyers,https://www.imdb.com/title/tt3513388/,1
Sarah Schneider,self,"(TV Series)

Self",Late Night with Seth Meyers,https://www.imdb.com/title/tt3513388/,1
Chris Kelly,self,"(TV Series)

Self",Late Night with Seth Meyers,https://www.imdb.com/title/tt3513388/,2
Natasha Rothwell,self,"(TV Series)

Self",Late Night with Seth Meyers,https://www.imdb.com/title/tt3513388/,1
Julio Torres,self,"(TV Series)

Self",Late Night with Seth Meyers,https://www.imdb.com/title/tt3513388/,3
Sam Jay,self,"(TV Series)

Self - Guest / Self",Late Night with Seth Meyers,https://www.imdb.com/title/tt3513388/,2
Nimesh Patel,self,"(TV Series)

Self - Comic Guest",Late Night with Seth Meyers,https://www.imdb.com/title/tt3513388/,1
